ID,직업,스킬명,과거_이름_존재,20250617_완전검증,실행_연결,구현_상태,기존_동명,등급,효과,최소레벨,선행조건_검증,강화대상,밸런스,출처,보류사유
lm_bf27d9216c1bd228,기사,데몬 대시,UNKNOWN,UNKNOWN,NONE,BLOCKED,아니오,UNKNOWN,UNKNOWN,UNKNOWN,UNKNOWN,UNKNOWN,UNKNOWN,https://lineagem.inven.co.kr/db/skill/?job=1,기준일 직전 설명·PvE 대상 검증 필요
lm_13a1f761c20f0db1,기사,뱅가드,UNKNOWN,UNKNOWN,NONE,BLOCKED,아니오,UNKNOWN,UNKNOWN,UNKNOWN,UNKNOWN,UNKNOWN,UNKNOWN,https://lineagem.inven.co.kr/db/skill/?job=1,기준일 직전 설명·PvE 대상 검증 필요
lm_1c6b2a40f480dd75,기사,블레이드 스턴,UNKNOWN,UNKNOWN,NONE,BLOCKED,아니오,UNKNOWN,UNKNOWN,UNKNOWN,UNKNOWN,UNKNOWN,UNKNOWN,https://lineagem.inven.co.kr/db/skill/?job=1,기준일 직전 설명·PvE 대상 검증 필요
lm_14aa31d86ce39693,기사,서먼 언데드,UNKNOWN,UNKNOWN,NONE,BLOCKED,아니오,UNKNOWN,UNKNOWN,UNKNOWN,UNKNOWN,UNKNOWN,UNKNOWN,https://lineagem.inven.co.kr/db/skill/?job=1,기준일 직전 설명·PvE 대상 검증 필요
lm_e72b2c590476edce,기사,얼티밋 디그니티,UNKNOWN,UNKNOWN,NONE,BLOCKED,아니오,UNKNOWN,UNKNOWN,UNKNOWN,UNKNOWN,UNKNOWN,UNKNOWN,https://lineagem.inven.co.kr/db/skill/?job=1,기준일 직전 설명·PvE 대상 검증 필요
lm_2f61a7797e175a73,기사,얼티밋 디텍션,UNKNOWN,UNKNOWN,NONE,BLOCKED,아니오,UNKNOWN,UNKNOWN,UNKNOWN,UNKNOWN,UNKNOWN,UNKNOWN,https://lineagem.inven.co.kr/db/skill/?job=1,기준일 직전 설명·PvE 대상 검증 필요
lm_8b79e6ed84b2004f,기사,얼티밋 배리어,UNKNOWN,UNKNOWN,NONE,BLOCKED,아니오,UNKNOWN,UNKNOWN,UNKNOWN,UNKNOWN,UNKNOWN,UNKNOWN,https://lineagem.inven.co.kr/db/skill/?job=1,기준일 직전 설명·PvE 대상 검증 필요
lm_b1f4bf70505e3a36,기사,얼티밋 스턴,UNKNOWN,UNKNOWN,NONE,BLOCKED,아니오,UNKNOWN,UNKNOWN,UNKNOWN,UNKNOWN,UNKNOWN,UNKNOWN,https://lineagem.inven.co.kr/db/skill/?job=1,기준일 직전 설명·PvE 대상 검증 필요
lm_79018a6a6c8806ae,기사,그랜드 마스터: 스턴,UNKNOWN,UNKNOWN,NONE,BLOCKED,아니오,UNKNOWN,UNKNOWN,UNKNOWN,UNKNOWN,UNKNOWN,UNKNOWN,https://lineagem.inven.co.kr/db/skill/?job=1,기준일 직전 설명·PvE 대상 검증 필요
lm_20c40f610c0ea8c4,기사,그랜드 마스터: 카운터,UNKNOWN,UNKNOWN,NONE,BLOCKED,아니오,UNKNOWN,UNKNOWN,UNKNOWN,UNKNOWN,UNKNOWN,UNKNOWN,https://lineagem.inven.co.kr/db/skill/?job=1,기준일 직전 설명·PvE 대상 검증 필요
lm_02728aaee38ec35f,기사,리커버리 아머,UNKNOWN,UNKNOWN,NONE,BLOCKED,아니오,UNKNOWN,UNKNOWN,UNKNOWN,UNKNOWN,UNKNOWN,UNKNOWN,https://lineagem.inven.co.kr/db/skill/?job=1,기준일 직전 설명·PvE 대상 검증 필요
lm_30c020a95a8e14eb,기사,리포스트,UNKNOWN,UNKNOWN,NONE,BLOCKED,아니오,UNKNOWN,UNKNOWN,UNKNOWN,UNKNOWN,UNKNOWN,UNKNOWN,https://lineagem.inven.co.kr/db/skill/?job=1,기준일 직전 설명·PvE 대상 검증 필요
lm_45d675d034d6197a,기사,쇼크 스턴(마스터),UNKNOWN,UNKNOWN,NONE,BLOCKED,아니오,UNKNOWN,UNKNOWN,UNKNOWN,UNKNOWN,UNKNOWN,UNKNOWN,https://lineagem.inven.co.kr/db/skill/?job=1,기준일 직전 설명·PvE 대상 검증 필요
lm_49b706864a6aaa2f,기사,카운터 배리어(마스터),VERIFIED,UNKNOWN,CONNECTED,PARTIAL,예,전설,하위 기술의 효과를 강화합니다.,80,UNKNOWN,카운터 배리어(베테랑),CUSTOM_BALANCE,https://lineagem.inven.co.kr/db/skill/?job=1 | https://m.inven.co.kr/board/lineagem/5019/587688,기준일 직전 설명·PvE 대상 검증 필요
lm_9ec633b16d1f5d21,기사,프라이드,UNKNOWN,UNKNOWN,NONE,BLOCKED,아니오,UNKNOWN,UNKNOWN,UNKNOWN,UNKNOWN,UNKNOWN,UNKNOWN,https://lineagem.inven.co.kr/db/skill/?job=1,기준일 직전 설명·PvE 대상 검증 필요
lm_142be5b92b449b3e,기사,블로우 어택,UNKNOWN,UNKNOWN,NONE,BLOCKED,아니오,UNKNOWN,UNKNOWN,UNKNOWN,UNKNOWN,UNKNOWN,UNKNOWN,https://lineagem.inven.co.kr/db/skill/?job=1,기준일 직전 설명·PvE 대상 검증 필요
lm_9bb633578fcf8ed2,기사,클리어(베테랑),UNKNOWN,UNKNOWN,NONE,BLOCKED,아니오,UNKNOWN,UNKNOWN,UNKNOWN,UNKNOWN,UNKNOWN,UNKNOWN,https://lineagem.inven.co.kr/db/skill/?job=1,기준일 직전 설명·PvE 대상 검증 필요
lm_c5c1478d127614f4,기사,팬텀 블레이드(베테랑),UNKNOWN,UNKNOWN,NONE,BLOCKED,아니오,UNKNOWN,UNKNOWN,UNKNOWN,UNKNOWN,UNKNOWN,UNKNOWN,https://lineagem.inven.co.kr/db/skill/?job=1,기준일 직전 설명·PvE 대상 검증 필요
lm_088062d9f7e7ae08,기사,리덕션 아머(베테랑),VERIFIED,UNKNOWN,NONE,BLOCKED,아니오,UNKNOWN,UNKNOWN,UNKNOWN,UNKNOWN,UNKNOWN,UNKNOWN,https://lineagem.inven.co.kr/db/skill/?job=1 | https://gallo44.tistory.com/78,기준일 직전 설명·PvE 대상 검증 필요
lm_71eef3ba8c06c5b3,기사,쇼크 스턴(베테랑),UNKNOWN,UNKNOWN,NONE,BLOCKED,아니오,UNKNOWN,UNKNOWN,UNKNOWN,UNKNOWN,UNKNOWN,UNKNOWN,https://lineagem.inven.co.kr/db/skill/?job=1,기준일 직전 설명·PvE 대상 검증 필요
lm_cf514c1b0e7cfdfe,기사,차징 스턴,UNKNOWN,UNKNOWN,NONE,BLOCKED,아니오,UNKNOWN,UNKNOWN,UNKNOWN,UNKNOWN,UNKNOWN,UNKNOWN,https://lineagem.inven.co.kr/db/skill/?job=1,기준일 직전 설명·PvE 대상 검증 필요
lm_d7327307e9e26525,기사,카운터 배리어(베테랑),UNKNOWN,UNKNOWN,CONNECTED,PARTIAL,아니오,영웅,카운터 배리어를 강화하고 발동 시 확률적으로 HP를 회복합니다.,60,UNKNOWN,카운터 배리어,CUSTOM_BALANCE,https://lineagem.inven.co.kr/db/skill/?job=1,기준일 직전 설명·PvE 대상 검증 필요
lm_62bee07ed64c92aa,기사,클리어,VERIFIED,UNKNOWN,CONNECTED,PARTIAL,아니오,영웅,자신을 회복하고 홀드 등 상태를 해제합니다.,60,UNKNOWN,UNKNOWN,CUSTOM_BALANCE,https://lineagem.inven.co.kr/db/skill/?job=1 | https://gallo44.tistory.com/78,기준일 직전 설명·PvE 대상 검증 필요
lm_2bb22892143e4dee,기사,팬텀 블레이드,VERIFIED,UNKNOWN,NONE,BLOCKED,예,UNKNOWN,UNKNOWN,UNKNOWN,UNKNOWN,UNKNOWN,UNKNOWN,https://lineagem.inven.co.kr/db/skill/?job=1 | https://gallo44.tistory.com/78,기준일 직전 설명·PvE 대상 검증 필요
lm_dd518e3ea5fcdd62,기사,바운스 어택,VERIFIED,UNKNOWN,NONE,BLOCKED,아니오,UNKNOWN,UNKNOWN,UNKNOWN,UNKNOWN,UNKNOWN,UNKNOWN,https://lineagem.inven.co.kr/db/skill/?job=1 | https://gallo44.tistory.com/78,기준일 직전 설명·PvE 대상 검증 필요
lm_6a7535a4171cfe4b,기사,소드 마스터리,UNKNOWN,UNKNOWN,NONE,BLOCKED,아니오,UNKNOWN,UNKNOWN,UNKNOWN,UNKNOWN,UNKNOWN,UNKNOWN,https://lineagem.inven.co.kr/db/skill/?job=1,기준일 직전 설명·PvE 대상 검증 필요
lm_166e70cf3dd74e26,기사,솔리드 아머,VERIFIED,UNKNOWN,CONNECTED,PARTIAL,아니오,일반,조건을 만족하면 능력치를 적용합니다.,30,UNKNOWN,UNKNOWN,CUSTOM_BALANCE,https://lineagem.inven.co.kr/db/skill/?job=1 | https://m.inven.co.kr/board/lineagem/5019/587688,기준일 직전 설명·PvE 대상 검증 필요
lm_310e7f51a839530f,기사,타운트,UNKNOWN,UNKNOWN,CONNECTED,PARTIAL,아니오,일반,주변 몬스터의 적대감을 끌어옵니다.,30,UNKNOWN,UNKNOWN,CUSTOM_BALANCE,https://lineagem.inven.co.kr/db/skill/?job=1,기준일 직전 설명·PvE 대상 검증 필요
lm_8d11f90e2d104a0a,기사,리덕션 아머,VERIFIED,UNKNOWN,CONNECTED,PARTIAL,예,일반,조건을 만족하면 능력치를 적용합니다.,30,UNKNOWN,UNKNOWN,CUSTOM_BALANCE,https://lineagem.inven.co.kr/db/skill/?job=1 | https://gallo44.tistory.com/78,기준일 직전 설명·PvE 대상 검증 필요
lm_ce99c41f32217522,기사,마이티 어택,VERIFIED,UNKNOWN,NONE,BLOCKED,아니오,UNKNOWN,UNKNOWN,UNKNOWN,UNKNOWN,UNKNOWN,UNKNOWN,https://lineagem.inven.co.kr/db/skill/?job=1 | https://m.inven.co.kr/board/lineagem/5019/587688,기준일 직전 설명·PvE 대상 검증 필요
lm_65f006389e02d9fe,기사,바이탈 아머,UNKNOWN,UNKNOWN,CONNECTED,PARTIAL,아니오,일반,조건을 만족하면 능력치를 적용합니다.,30,UNKNOWN,UNKNOWN,CUSTOM_BALANCE,https://lineagem.inven.co.kr/db/skill/?job=1,기준일 직전 설명·PvE 대상 검증 필요
lm_43e9715d967ef3cb,기사,쇼크 스턴,VERIFIED,UNKNOWN,CONNECTED,PARTIAL,예,일반,양손검으로 적을 기절시킵니다.,50,UNKNOWN,UNKNOWN,CUSTOM_BALANCE,https://lineagem.inven.co.kr/db/skill/?job=1 | https://gallo44.tistory.com/78,기준일 직전 설명·PvE 대상 검증 필요
lm_dc4779971782ae28,기사,플링,UNKNOWN,UNKNOWN,NONE,BLOCKED,아니오,UNKNOWN,UNKNOWN,UNKNOWN,UNKNOWN,UNKNOWN,UNKNOWN,https://lineagem.inven.co.kr/db/skill/?job=1,기준일 직전 설명·PvE 대상 검증 필요
lm_d0767f3b41236e63,기사,데몰리션,UNKNOWN,UNKNOWN,NONE,BLOCKED,아니오,UNKNOWN,UNKNOWN,UNKNOWN,UNKNOWN,UNKNOWN,UNKNOWN,https://lineagem.inven.co.kr/db/skill/?job=1,기준일 직전 설명·PvE 대상 검증 필요
lm_11ab17290e72e63f,기사,카운터 배리어,VERIFIED,UNKNOWN,CONNECTED,PARTIAL,예,일반,양손검으로 근접 공격을 회피하고 반격합니다.,30,UNKNOWN,UNKNOWN,CUSTOM_BALANCE,https://lineagem.inven.co.kr/db/skill/?job=1 | https://gallo44.tistory.com/78,기준일 직전 설명·PvE 대상 검증 필요
lm_99e8d8ed2368920b,기사,스페셜 어택: 기사,UNKNOWN,UNKNOWN,NONE,BLOCKED,아니오,UNKNOWN,UNKNOWN,UNKNOWN,UNKNOWN,UNKNOWN,UNKNOWN,https://lineagem.inven.co.kr/db/skill/?job=1,기준일 직전 설명·PvE 대상 검증 필요
lm_347e9803fd2afcd3,기사,라이트,VERIFIED,UNKNOWN,NONE,BLOCKED,아니오,UNKNOWN,UNKNOWN,UNKNOWN,UNKNOWN,UNKNOWN,UNKNOWN,https://lineagem.inven.co.kr/db/skill/?job=1 | https://gallo44.tistory.com/78,기준일 직전 설명·PvE 대상 검증 필요
lm_b3ce1caff9bab7aa,기사,실드,VERIFIED,UNKNOWN,NONE,BLOCKED,예,UNKNOWN,UNKNOWN,UNKNOWN,UNKNOWN,UNKNOWN,UNKNOWN,https://lineagem.inven.co.kr/db/skill/?job=1 | https://gallo44.tistory.com/78,기준일 직전 설명·PvE 대상 검증 필요
lm_63984b5b743e835a,기사,에너지 볼트,VERIFIED,UNKNOWN,NONE,BLOCKED,예,UNKNOWN,UNKNOWN,UNKNOWN,UNKNOWN,UNKNOWN,UNKNOWN,https://lineagem.inven.co.kr/db/skill/?job=1 | https://gallo44.tistory.com/78,기준일 직전 설명·PvE 대상 검증 필요
lm_30a9e7e836b3b26a,기사,텔레포트,VERIFIED,UNKNOWN,NONE,BLOCKED,예,UNKNOWN,UNKNOWN,UNKNOWN,UNKNOWN,UNKNOWN,UNKNOWN,https://lineagem.inven.co.kr/db/skill/?job=1 | https://gallo44.tistory.com/78,기준일 직전 설명·PvE 대상 검증 필요
lm_c64590a918dab805,요정,데몬 대시,UNKNOWN,UNKNOWN,NONE,BLOCKED,아니오,UNKNOWN,UNKNOWN,UNKNOWN,UNKNOWN,UNKNOWN,UNKNOWN,https://lineagem.inven.co.kr/db/skill/?job=2,기준일 직전 설명·PvE 대상 검증 필요
lm_9d5f9e1021622e72,요정,서먼 언데드,UNKNOWN,UNKNOWN,NONE,BLOCKED,아니오,UNKNOWN,UNKNOWN,UNKNOWN,UNKNOWN,UNKNOWN,UNKNOWN,https://lineagem.inven.co.kr/db/skill/?job=2,기준일 직전 설명·PvE 대상 검증 필요
lm_7f2288a214fcdc4b,요정,얼티밋 디그니티,UNKNOWN,UNKNOWN,NONE,BLOCKED,아니오,UNKNOWN,UNKNOWN,UNKNOWN,UNKNOWN,UNKNOWN,UNKNOWN,https://lineagem.inven.co.kr/db/skill/?job=2,기준일 직전 설명·PvE 대상 검증 필요
lm_0414fdb5545cd52f,요정,얼티밋 디텍션,UNKNOWN,UNKNOWN,NONE,BLOCKED,아니오,UNKNOWN,UNKNOWN,UNKNOWN,UNKNOWN,UNKNOWN,UNKNOWN,https://lineagem.inven.co.kr/db/skill/?job=2,기준일 직전 설명·PvE 대상 검증 필요
lm_42e6e6e3225ff826,요정,얼티밋 배리어,UNKNOWN,UNKNOWN,NONE,BLOCKED,아니오,UNKNOWN,UNKNOWN,UNKNOWN,UNKNOWN,UNKNOWN,UNKNOWN,https://lineagem.inven.co.kr/db/skill/?job=2,기준일 직전 설명·PvE 대상 검증 필요
lm_5ecab711b4c03126,요정,얼티밋 스턴,UNKNOWN,UNKNOWN,NONE,BLOCKED,아니오,UNKNOWN,UNKNOWN,UNKNOWN,UNKNOWN,UNKNOWN,UNKNOWN,https://lineagem.inven.co.kr/db/skill/?job=2,기준일 직전 설명·PvE 대상 검증 필요
lm_65fe55184d955b19,요정,엘리멘탈 가디언,UNKNOWN,UNKNOWN,NONE,BLOCKED,아니오,UNKNOWN,UNKNOWN,UNKNOWN,UNKNOWN,UNKNOWN,UNKNOWN,https://lineagem.inven.co.kr/db/skill/?job=2,기준일 직전 설명·PvE 대상 검증 필요
lm_f255a4d50ee4394e,요정,엘리멘탈 웨폰,UNKNOWN,UNKNOWN,NONE,BLOCKED,아니오,UNKNOWN,UNKNOWN,UNKNOWN,UNKNOWN,UNKNOWN,UNKNOWN,https://lineagem.inven.co.kr/db/skill/?job=2,기준일 직전 설명·PvE 대상 검증 필요
lm_e15410510d1c66eb,요정,소울 배리어,UNKNOWN,UNKNOWN,NONE,BLOCKED,아니오,UNKNOWN,UNKNOWN,UNKNOWN,UNKNOWN,UNKNOWN,UNKNOWN,https://lineagem.inven.co.kr/db/skill/?job=2,기준일 직전 설명·PvE 대상 검증 필요
lm_bf23d1c9333db34a,요정,스톰 샷(스피릿),UNKNOWN,UNKNOWN,NONE,BLOCKED,아니오,UNKNOWN,UNKNOWN,UNKNOWN,UNKNOWN,UNKNOWN,UNKNOWN,https://lineagem.inven.co.kr/db/skill/?job=2,기준일 직전 설명·PvE 대상 검증 필요
lm_749f6a7f9c9303da,요정,아쿠아 프리즌(스피릿),UNKNOWN,UNKNOWN,NONE,BLOCKED,아니오,UNKNOWN,UNKNOWN,UNKNOWN,UNKNOWN,UNKNOWN,UNKNOWN,https://lineagem.inven.co.kr/db/skill/?job=2,기준일 직전 설명·PvE 대상 검증 필요
lm_6518d8118d7ab9b4,요정,엘리멘탈 마스터,UNKNOWN,UNKNOWN,NONE,BLOCKED,아니오,UNKNOWN,UNKNOWN,UNKNOWN,UNKNOWN,UNKNOWN,UNKNOWN,https://lineagem.inven.co.kr/db/skill/?job=2,기준일 직전 설명·PvE 대상 검증 필요
lm_ab47cf130a6da354,요정,엘리멘탈 스턴,UNKNOWN,UNKNOWN,NONE,BLOCKED,아니오,UNKNOWN,UNKNOWN,UNKNOWN,UNKNOWN,UNKNOWN,UNKNOWN,https://lineagem.inven.co.kr/db/skill/?job=2,기준일 직전 설명·PvE 대상 검증 필요
lm_bc161f5401a7d238,요정,엘리멘탈 실드(스피릿),UNKNOWN,UNKNOWN,NONE,BLOCKED,아니오,UNKNOWN,UNKNOWN,UNKNOWN,UNKNOWN,UNKNOWN,UNKNOWN,https://lineagem.inven.co.kr/db/skill/?job=2,기준일 직전 설명·PvE 대상 검증 필요
lm_caba317531047539,요정,엘븐 윙 슈즈,VERIFIED,UNKNOWN,NONE,BLOCKED,아니오,UNKNOWN,UNKNOWN,UNKNOWN,UNKNOWN,UNKNOWN,UNKNOWN,https://lineagem.inven.co.kr/db/skill/?job=2 | https://m.inven.co.kr/board/lineagem/5019/587688,기준일 직전 설명·PvE 대상 검증 필요
lm_55d14b18db11893e,요정,피닉스,UNKNOWN,UNKNOWN,NONE,BLOCKED,아니오,UNKNOWN,UNKNOWN,UNKNOWN,UNKNOWN,UNKNOWN,UNKNOWN,https://lineagem.inven.co.kr/db/skill/?job=2,기준일 직전 설명·PvE 대상 검증 필요
lm_8723c3cf3c1de89d,요정,피어스 애로우,UNKNOWN,UNKNOWN,NONE,BLOCKED,아니오,UNKNOWN,UNKNOWN,UNKNOWN,UNKNOWN,UNKNOWN,UNKNOWN,https://lineagem.inven.co.kr/db/skill/?job=2,기준일 직전 설명·PvE 대상 검증 필요
lm_32e50471a44221bc,요정,어스 실드,UNKNOWN,UNKNOWN,NONE,BLOCKED,아니오,UNKNOWN,UNKNOWN,UNKNOWN,UNKNOWN,UNKNOWN,UNKNOWN,https://lineagem.inven.co.kr/db/skill/?job=2,기준일 직전 설명·PvE 대상 검증 필요
lm_0b78403ec02bf920,요정,오버 히트,UNKNOWN,UNKNOWN,NONE,BLOCKED,아니오,UNKNOWN,UNKNOWN,UNKNOWN,UNKNOWN,UNKNOWN,UNKNOWN,https://lineagem.inven.co.kr/db/skill/?job=2,기준일 직전 설명·PvE 대상 검증 필요
lm_9faa5ff084a1567d,요정,아쿠아 애로우,UNKNOWN,UNKNOWN,NONE,BLOCKED,아니오,UNKNOWN,UNKNOWN,UNKNOWN,UNKNOWN,UNKNOWN,UNKNOWN,https://lineagem.inven.co.kr/db/skill/?job=2,기준일 직전 설명·PvE 대상 검증 필요
lm_db975014199a2123,요정,이글 아이(스피릿),VERIFIED,UNKNOWN,NONE,BLOCKED,아니오,UNKNOWN,UNKNOWN,UNKNOWN,UNKNOWN,UNKNOWN,UNKNOWN,https://lineagem.inven.co.kr/db/skill/?job=2 | https://gallo44.tistory.com/78,기준일 직전 설명·PvE 대상 검증 필요
lm_4cc4b54ff72a9324,요정,스트라이크 블로우,UNKNOWN,UNKNOWN,NONE,BLOCKED,아니오,UNKNOWN,UNKNOWN,UNKNOWN,UNKNOWN,UNKNOWN,UNKNOWN,https://lineagem.inven.co.kr/db/skill/?job=2,기준일 직전 설명·PvE 대상 검증 필요
lm_a3fabefaf7ca16d6,요정,트리플 애로우(스피릿),UNKNOWN,UNKNOWN,NONE,BLOCKED,예,UNKNOWN,UNKNOWN,UNKNOWN,UNKNOWN,UNKNOWN,UNKNOWN,https://lineagem.inven.co.kr/db/skill/?job=2,기준일 직전 설명·PvE 대상 검증 필요
lm_9c8eec93a940d80b,요정,플레임 소드,VERIFIED,UNKNOWN,NONE,BLOCKED,아니오,UNKNOWN,UNKNOWN,UNKNOWN,UNKNOWN,UNKNOWN,UNKNOWN,https://lineagem.inven.co.kr/db/skill/?job=2 | https://gallo44.tistory.com/78,기준일 직전 설명·PvE 대상 검증 필요
lm_5c612c7b28f06b02,요정,엘리멘탈 파이어,UNKNOWN,UNKNOWN,NONE,BLOCKED,아니오,UNKNOWN,UNKNOWN,UNKNOWN,UNKNOWN,UNKNOWN,UNKNOWN,https://lineagem.inven.co.kr/db/skill/?job=2,기준일 직전 설명·PvE 대상 검증 필요
lm_c4ebf2453d3c67ce,요정,이글 아이,VERIFIED,UNKNOWN,NONE,BLOCKED,아니오,UNKNOWN,UNKNOWN,UNKNOWN,UNKNOWN,UNKNOWN,UNKNOWN,https://lineagem.inven.co.kr/db/skill/?job=2 | https://gallo44.tistory.com/78,기준일 직전 설명·PvE 대상 검증 필요
lm_6b5e3ea0bed2c90c,요정,파이어 프로텍션,UNKNOWN,UNKNOWN,NONE,BLOCKED,아니오,UNKNOWN,UNKNOWN,UNKNOWN,UNKNOWN,UNKNOWN,UNKNOWN,https://lineagem.inven.co.kr/db/skill/?job=2,기준일 직전 설명·PvE 대상 검증 필요
lm_c0019a2d742c66ac,요정,엘리멘탈 큐어,VERIFIED,UNKNOWN,NONE,BLOCKED,아니오,UNKNOWN,UNKNOWN,UNKNOWN,UNKNOWN,UNKNOWN,UNKNOWN,https://lineagem.inven.co.kr/db/skill/?job=2 | https://gallo44.tistory.com/78,기준일 직전 설명·PvE 대상 검증 필요
lm_f3504ee11753d2b0,요정,페어리,UNKNOWN,UNKNOWN,NONE,BLOCKED,아니오,UNKNOWN,UNKNOWN,UNKNOWN,UNKNOWN,UNKNOWN,UNKNOWN,https://lineagem.inven.co.kr/db/skill/?job=2,기준일 직전 설명·PvE 대상 검증 필요
lm_3db7a36523657e43,요정,엘리멘탈 실드,VERIFIED,UNKNOWN,NONE,BLOCKED,아니오,UNKNOWN,UNKNOWN,UNKNOWN,UNKNOWN,UNKNOWN,UNKNOWN,https://lineagem.inven.co.kr/db/skill/?job=2 | https://gallo44.tistory.com/78,기준일 직전 설명·PvE 대상 검증 필요
lm_738dc41093c31e74,요정,소울 오브 프레임,UNKNOWN,UNKNOWN,NONE,BLOCKED,아니오,UNKNOWN,UNKNOWN,UNKNOWN,UNKNOWN,UNKNOWN,UNKNOWN,https://lineagem.inven.co.kr/db/skill/?job=2,기준일 직전 설명·PvE 대상 검증 필요
lm_c5d4f875ff8b1aa9,요정,스트라이커 게일,VERIFIED,UNKNOWN,NONE,BLOCKED,아니오,UNKNOWN,UNKNOWN,UNKNOWN,UNKNOWN,UNKNOWN,UNKNOWN,https://lineagem.inven.co.kr/db/skill/?job=2 | https://gallo44.tistory.com/78,기준일 직전 설명·PvE 대상 검증 필요
lm_7311f41b26b42ffd,요정,어스 그랩,UNKNOWN,UNKNOWN,NONE,BLOCKED,아니오,UNKNOWN,UNKNOWN,UNKNOWN,UNKNOWN,UNKNOWN,UNKNOWN,https://lineagem.inven.co.kr/db/skill/?job=2,기준일 직전 설명·PvE 대상 검증 필요
lm_43a7506265d5bbeb,요정,에어리어 오브 사일런스,VERIFIED,UNKNOWN,NONE,BLOCKED,아니오,UNKNOWN,UNKNOWN,UNKNOWN,UNKNOWN,UNKNOWN,UNKNOWN,https://lineagem.inven.co.kr/db/skill/?job=2 | https://gallo44.tistory.com/78,기준일 직전 설명·PvE 대상 검증 필요
lm_d8cfd5c81998dc57,요정,폴루트 워터,UNKNOWN,UNKNOWN,NONE,BLOCKED,아니오,UNKNOWN,UNKNOWN,UNKNOWN,UNKNOWN,UNKNOWN,UNKNOWN,https://lineagem.inven.co.kr/db/skill/?job=2,기준일 직전 설명·PvE 대상 검증 필요
lm_3271203632b9e3a6,요정,네이쳐스 블레싱,VERIFIED,UNKNOWN,NONE,BLOCKED,예,UNKNOWN,UNKNOWN,UNKNOWN,UNKNOWN,UNKNOWN,UNKNOWN,https://lineagem.inven.co.kr/db/skill/?job=2 | https://mysmallplace.tistory.com/3,기준일 직전 설명·PvE 대상 검증 필요
lm_2f9d7aa8c0362b14,요정,버닝 드라이브,UNKNOWN,UNKNOWN,NONE,BLOCKED,아니오,UNKNOWN,UNKNOWN,UNKNOWN,UNKNOWN,UNKNOWN,UNKNOWN,https://lineagem.inven.co.kr/db/skill/?job=2,기준일 직전 설명·PvE 대상 검증 필요
lm_24ea1347726b0344,요정,스톰 샷,VERIFIED,UNKNOWN,NONE,BLOCKED,예,UNKNOWN,UNKNOWN,UNKNOWN,UNKNOWN,UNKNOWN,UNKNOWN,https://lineagem.inven.co.kr/db/skill/?job=2 | https://mysmallplace.tistory.com/3,기준일 직전 설명·PvE 대상 검증 필요
lm_d6948299d4c9bb18,요정,아이언 스킨(스피릿),VERIFIED,UNKNOWN,NONE,BLOCKED,아니오,UNKNOWN,UNKNOWN,UNKNOWN,UNKNOWN,UNKNOWN,UNKNOWN,https://lineagem.inven.co.kr/db/skill/?job=2 | https://m.inven.co.kr/board/lineagem/5019/587688,기준일 직전 설명·PvE 대상 검증 필요
lm_9b6916f87613fd70,요정,엘븐 그레비티,UNKNOWN,UNKNOWN,NONE,BLOCKED,아니오,UNKNOWN,UNKNOWN,UNKNOWN,UNKNOWN,UNKNOWN,UNKNOWN,https://lineagem.inven.co.kr/db/skill/?job=2,기준일 직전 설명·PvE 대상 검증 필요
lm_eece43a8c50d17bc,요정,이레이즈 매직,UNKNOWN,UNKNOWN,NONE,BLOCKED,아니오,UNKNOWN,UNKNOWN,UNKNOWN,UNKNOWN,UNKNOWN,UNKNOWN,https://lineagem.inven.co.kr/db/skill/?job=2,기준일 직전 설명·PvE 대상 검증 필요
lm_d274a7aba69c1486,요정,네이쳐스 터치,VERIFIED,UNKNOWN,CONNECTED,PARTIAL,아니오,일반,조건을 만족하면 능력치를 적용합니다.,30,UNKNOWN,UNKNOWN,CUSTOM_BALANCE,https://lineagem.inven.co.kr/db/skill/?job=2 | https://m.inven.co.kr/board/lineagem/5019/587688,기준일 직전 설명·PvE 대상 검증 필요
lm_0fa8b37f33c7f9d6,요정,블러드 투 소울,VERIFIED,UNKNOWN,CONNECTED,PARTIAL,아니오,일반,HP를 소모해 MP를 회복합니다.,30,UNKNOWN,UNKNOWN,CUSTOM_BALANCE,https://lineagem.inven.co.kr/db/skill/?job=2 | https://m.inven.co.kr/board/lineagem/5019/587688,기준일 직전 설명·PvE 대상 검증 필요
lm_b2acc0a872a7c249,요정,버닝 웨폰,VERIFIED,UNKNOWN,NONE,BLOCKED,아니오,UNKNOWN,UNKNOWN,UNKNOWN,UNKNOWN,UNKNOWN,UNKNOWN,https://lineagem.inven.co.kr/db/skill/?job=2 | https://gallo44.tistory.com/78,기준일 직전 설명·PvE 대상 검증 필요
lm_8d35ed15be816721,요정,사이클론,UNKNOWN,UNKNOWN,NONE,BLOCKED,아니오,UNKNOWN,UNKNOWN,UNKNOWN,UNKNOWN,UNKNOWN,UNKNOWN,https://lineagem.inven.co.kr/db/skill/?job=2,기준일 직전 설명·PvE 대상 검증 필요
lm_8e6ebda24026cf7d,요정,슈팅 스타,UNKNOWN,UNKNOWN,NONE,BLOCKED,아니오,UNKNOWN,UNKNOWN,UNKNOWN,UNKNOWN,UNKNOWN,UNKNOWN,https://lineagem.inven.co.kr/db/skill/?job=2,기준일 직전 설명·PvE 대상 검증 필요
lm_53daff6929e9ebb1,요정,아이언 스킨,VERIFIED,UNKNOWN,CONNECTED,PARTIAL,아니오,일반,조건을 만족하면 능력치를 적용합니다.,30,UNKNOWN,UNKNOWN,CUSTOM_BALANCE,https://lineagem.inven.co.kr/db/skill/?job=2 | https://gallo44.tistory.com/78,기준일 직전 설명·PvE 대상 검증 필요
lm_ac1beea57656a8c0,요정,아쿠아 프리즌,UNKNOWN,UNKNOWN,NONE,BLOCKED,아니오,UNKNOWN,UNKNOWN,UNKNOWN,UNKNOWN,UNKNOWN,UNKNOWN,https://lineagem.inven.co.kr/db/skill/?job=2,기준일 직전 설명·PvE 대상 검증 필요
lm_8b969c27d888fb65,요정,엘리멘탈 스피드,VERIFIED,UNKNOWN,NONE,BLOCKED,아니오,UNKNOWN,UNKNOWN,UNKNOWN,UNKNOWN,UNKNOWN,UNKNOWN,https://lineagem.inven.co.kr/db/skill/?job=2 | https://gallo44.tistory.com/78,기준일 직전 설명·PvE 대상 검증 필요
lm_b9f1605d690c64f7,요정,트리플 애로우,VERIFIED,UNKNOWN,CONNECTED,PARTIAL,예,일반,세 발의 화살을 개별 발사합니다.,30,UNKNOWN,UNKNOWN,CUSTOM_BALANCE,https://lineagem.inven.co.kr/db/skill/?job=2 | https://m.inven.co.kr/board/lineagem/5019/587688,기준일 직전 설명·PvE 대상 검증 필요
lm_267d25b01c7ca8f6,요정,스페셜 어택: 요정(검),UNKNOWN,UNKNOWN,NONE,BLOCKED,아니오,UNKNOWN,UNKNOWN,UNKNOWN,UNKNOWN,UNKNOWN,UNKNOWN,https://lineagem.inven.co.kr/db/skill/?job=2,기준일 직전 설명·PvE 대상 검증 필요
lm_8e710f51e1517dbc,요정,스페셜 어택: 요정(활),UNKNOWN,UNKNOWN,NONE,BLOCKED,아니오,UNKNOWN,UNKNOWN,UNKNOWN,UNKNOWN,UNKNOWN,UNKNOWN,https://lineagem.inven.co.kr/db/skill/?job=2,기준일 직전 설명·PvE 대상 검증 필요
lm_56ff1446488d6b89,요정,그레이터 힐,VERIFIED,UNKNOWN,NONE,BLOCKED,예,UNKNOWN,UNKNOWN,UNKNOWN,UNKNOWN,UNKNOWN,UNKNOWN,https://lineagem.inven.co.kr/db/skill/?job=2 | https://gallo44.tistory.com/78,기준일 직전 설명·PvE 대상 검증 필요
lm_8c3db1f2630de054,요정,디크리즈 웨이트,VERIFIED,UNKNOWN,NONE,BLOCKED,아니오,UNKNOWN,UNKNOWN,UNKNOWN,UNKNOWN,UNKNOWN,UNKNOWN,https://lineagem.inven.co.kr/db/skill/?job=2 | https://gallo44.tistory.com/78,기준일 직전 설명·PvE 대상 검증 필요
lm_862598e2ad64db35,요정,디텍션,VERIFIED,UNKNOWN,NONE,BLOCKED,아니오,UNKNOWN,UNKNOWN,UNKNOWN,UNKNOWN,UNKNOWN,UNKNOWN,https://lineagem.inven.co.kr/db/skill/?job=2 | https://gallo44.tistory.com/78,기준일 직전 설명·PvE 대상 검증 필요
lm_5406bfc10e76b242,요정,라이트,VERIFIED,UNKNOWN,NONE,BLOCKED,아니오,UNKNOWN,UNKNOWN,UNKNOWN,UNKNOWN,UNKNOWN,UNKNOWN,https://lineagem.inven.co.kr/db/skill/?job=2 | https://gallo44.tistory.com/78,기준일 직전 설명·PvE 대상 검증 필요
lm_554f9b7ecc963b73,요정,리무브 커스,VERIFIED,UNKNOWN,NONE,BLOCKED,아니오,UNKNOWN,UNKNOWN,UNKNOWN,UNKNOWN,UNKNOWN,UNKNOWN,https://lineagem.inven.co.kr/db/skill/?job=2 | https://gallo44.tistory.com/78,기준일 직전 설명·PvE 대상 검증 필요
lm_470a0b491f1f3943,요정,마나 드레인,UNKNOWN,UNKNOWN,NONE,BLOCKED,아니오,UNKNOWN,UNKNOWN,UNKNOWN,UNKNOWN,UNKNOWN,UNKNOWN,https://lineagem.inven.co.kr/db/skill/?job=2,기준일 직전 설명·PvE 대상 검증 필요
lm_558f725f5e8c3350,요정,메디테이션,VERIFIED,UNKNOWN,NONE,BLOCKED,아니오,UNKNOWN,UNKNOWN,UNKNOWN,UNKNOWN,UNKNOWN,UNKNOWN,https://lineagem.inven.co.kr/db/skill/?job=2 | https://gallo44.tistory.com/78,기준일 직전 설명·PvE 대상 검증 필요
lm_54ac4ed65ad375fb,요정,뱀파이어릭 터치,VERIFIED,UNKNOWN,NONE,BLOCKED,아니오,UNKNOWN,UNKNOWN,UNKNOWN,UNKNOWN,UNKNOWN,UNKNOWN,https://lineagem.inven.co.kr/db/skill/?job=2 | https://gallo44.tistory.com/78,기준일 직전 설명·PvE 대상 검증 필요
lm_000369bd6a3bb48e,요정,블레스드 아머,VERIFIED,UNKNOWN,NONE,BLOCKED,아니오,UNKNOWN,UNKNOWN,UNKNOWN,UNKNOWN,UNKNOWN,UNKNOWN,https://lineagem.inven.co.kr/db/skill/?job=2 | https://gallo44.tistory.com/78,기준일 직전 설명·PvE 대상 검증 필요
lm_1fb9fe8076fba461,요정,선 버스트,UNKNOWN,UNKNOWN,NONE,BLOCKED,아니오,UNKNOWN,UNKNOWN,UNKNOWN,UNKNOWN,UNKNOWN,UNKNOWN,https://lineagem.inven.co.kr/db/skill/?job=2,기준일 직전 설명·PvE 대상 검증 필요
lm_6e8c10b55a104387,요정,실드,VERIFIED,UNKNOWN,NONE,BLOCKED,예,UNKNOWN,UNKNOWN,UNKNOWN,UNKNOWN,UNKNOWN,UNKNOWN,https://lineagem.inven.co.kr/db/skill/?job=2 | https://gallo44.tistory.com/78,기준일 직전 설명·PvE 대상 검증 필요
lm_59fd0944ed3af63e,요정,어스 재일,VERIFIED,UNKNOWN,NONE,BLOCKED,예,UNKNOWN,UNKNOWN,UNKNOWN,UNKNOWN,UNKNOWN,UNKNOWN,https://lineagem.inven.co.kr/db/skill/?job=2 | https://gallo44.tistory.com/78,기준일 직전 설명·PvE 대상 검증 필요
lm_a0c7e2949c7cb7ec,요정,에너지 볼트,VERIFIED,UNKNOWN,NONE,BLOCKED,예,UNKNOWN,UNKNOWN,UNKNOWN,UNKNOWN,UNKNOWN,UNKNOWN,https://lineagem.inven.co.kr/db/skill/?job=2 | https://gallo44.tistory.com/78,기준일 직전 설명·PvE 대상 검증 필요
lm_ccfaa2371ddead60,요정,위크니스,VERIFIED,UNKNOWN,NONE,BLOCKED,아니오,UNKNOWN,UNKNOWN,UNKNOWN,UNKNOWN,UNKNOWN,UNKNOWN,https://lineagem.inven.co.kr/db/skill/?job=2 | https://gallo44.tistory.com/78,기준일 직전 설명·PvE 대상 검증 필요
lm_6a7a717090f55dff,요정,인챈트 스테이터스,UNKNOWN,UNKNOWN,NONE,BLOCKED,예,UNKNOWN,UNKNOWN,UNKNOWN,UNKNOWN,UNKNOWN,UNKNOWN,https://lineagem.inven.co.kr/db/skill/?job=2,기준일 직전 설명·PvE 대상 검증 필요
lm_68b11fe061b53bd1,요정,카운터 매직,VERIFIED,UNKNOWN,NONE,BLOCKED,아니오,UNKNOWN,UNKNOWN,UNKNOWN,UNKNOWN,UNKNOWN,UNKNOWN,https://lineagem.inven.co.kr/db/skill/?job=2 | https://gallo44.tistory.com/78,기준일 직전 설명·PvE 대상 검증 필요
lm_0cd76c79c6ed031b,요정,콘 오브 콜드,VERIFIED,UNKNOWN,NONE,BLOCKED,예,UNKNOWN,UNKNOWN,UNKNOWN,UNKNOWN,UNKNOWN,UNKNOWN,https://lineagem.inven.co.kr/db/skill/?job=2 | https://gallo44.tistory.com/78,기준일 직전 설명·PvE 대상 검증 필요
lm_81bccb55755be878,요정,콜 라이트닝,UNKNOWN,UNKNOWN,NONE,BLOCKED,예,UNKNOWN,UNKNOWN,UNKNOWN,UNKNOWN,UNKNOWN,UNKNOWN,https://lineagem.inven.co.kr/db/skill/?job=2,기준일 직전 설명·PvE 대상 검증 필요
lm_bf8038e6cd62233e,요정,큐어 포이즌,VERIFIED,UNKNOWN,NONE,BLOCKED,아니오,UNKNOWN,UNKNOWN,UNKNOWN,UNKNOWN,UNKNOWN,UNKNOWN,https://lineagem.inven.co.kr/db/skill/?job=2 | https://gallo44.tistory.com/78,기준일 직전 설명·PvE 대상 검증 필요
lm_3d70cd24073f6e4c,요정,턴 언데드,VERIFIED,UNKNOWN,NONE,BLOCKED,예,UNKNOWN,UNKNOWN,UNKNOWN,UNKNOWN,UNKNOWN,UNKNOWN,https://lineagem.inven.co.kr/db/skill/?job=2 | https://gallo44.tistory.com/78,기준일 직전 설명·PvE 대상 검증 필요
lm_ae817b432f7d0b7f,요정,텔레포트,VERIFIED,UNKNOWN,NONE,BLOCKED,예,UNKNOWN,UNKNOWN,UNKNOWN,UNKNOWN,UNKNOWN,UNKNOWN,https://lineagem.inven.co.kr/db/skill/?job=2 | https://gallo44.tistory.com/78,기준일 직전 설명·PvE 대상 검증 필요
lm_108900eb25451bd5,요정,파이어 볼,UNKNOWN,UNKNOWN,NONE,BLOCKED,예,UNKNOWN,UNKNOWN,UNKNOWN,UNKNOWN,UNKNOWN,UNKNOWN,https://lineagem.inven.co.kr/db/skill/?job=2,기준일 직전 설명·PvE 대상 검증 필요
lm_55ed645f97501b51,요정,프로즌 클라우드,VERIFIED,UNKNOWN,NONE,BLOCKED,아니오,UNKNOWN,UNKNOWN,UNKNOWN,UNKNOWN,UNKNOWN,UNKNOWN,https://lineagem.inven.co.kr/db/skill/?job=2 | https://gallo44.tistory.com/78,기준일 직전 설명·PvE 대상 검증 필요
lm_b772920cd4bea19f,요정,헤이스트,UNKNOWN,UNKNOWN,NONE,BLOCKED,예,UNKNOWN,UNKNOWN,UNKNOWN,UNKNOWN,UNKNOWN,UNKNOWN,https://lineagem.inven.co.kr/db/skill/?job=2,기준일 직전 설명·PvE 대상 검증 필요
lm_2a52496ef076a366,마법사,데몬 대시,UNKNOWN,UNKNOWN,NONE,BLOCKED,아니오,UNKNOWN,UNKNOWN,UNKNOWN,UNKNOWN,UNKNOWN,UNKNOWN,https://lineagem.inven.co.kr/db/skill/?job=3,기준일 직전 설명·PvE 대상 검증 필요
lm_df2656bb3d14d806,마법사,서먼 가디언,UNKNOWN,UNKNOWN,NONE,BLOCKED,아니오,UNKNOWN,UNKNOWN,UNKNOWN,UNKNOWN,UNKNOWN,UNKNOWN,https://lineagem.inven.co.kr/db/skill/?job=3,기준일 직전 설명·PvE 대상 검증 필요
lm_aa21b7166feefe5e,마법사,서먼 언데드,UNKNOWN,UNKNOWN,NONE,BLOCKED,아니오,UNKNOWN,UNKNOWN,UNKNOWN,UNKNOWN,UNKNOWN,UNKNOWN,https://lineagem.inven.co.kr/db/skill/?job=3,기준일 직전 설명·PvE 대상 검증 필요
lm_74de02d5ddb019a7,마법사,얼티밋 디그니티,UNKNOWN,UNKNOWN,NONE,BLOCKED,아니오,UNKNOWN,UNKNOWN,UNKNOWN,UNKNOWN,UNKNOWN,UNKNOWN,https://lineagem.inven.co.kr/db/skill/?job=3,기준일 직전 설명·PvE 대상 검증 필요
lm_89ea267fb8eb833b,마법사,얼티밋 디텍션,UNKNOWN,UNKNOWN,NONE,BLOCKED,아니오,UNKNOWN,UNKNOWN,UNKNOWN,UNKNOWN,UNKNOWN,UNKNOWN,https://lineagem.inven.co.kr/db/skill/?job=3,기준일 직전 설명·PvE 대상 검증 필요
lm_7cd9ea9ab587aa09,마법사,얼티밋 배리어,UNKNOWN,UNKNOWN,NONE,BLOCKED,아니오,UNKNOWN,UNKNOWN,UNKNOWN,UNKNOWN,UNKNOWN,UNKNOWN,https://lineagem.inven.co.kr/db/skill/?job=3,기준일 직전 설명·PvE 대상 검증 필요
lm_59cc1275016ec5a4,마법사,얼티밋 스턴,UNKNOWN,UNKNOWN,NONE,BLOCKED,아니오,UNKNOWN,UNKNOWN,UNKNOWN,UNKNOWN,UNKNOWN,UNKNOWN,https://lineagem.inven.co.kr/db/skill/?job=3,기준일 직전 설명·PvE 대상 검증 필요
lm_e724746da3b5db1b,마법사,이뮨 투 함(에이션트),UNKNOWN,UNKNOWN,NONE,BLOCKED,아니오,UNKNOWN,UNKNOWN,UNKNOWN,UNKNOWN,UNKNOWN,UNKNOWN,https://lineagem.inven.co.kr/db/skill/?job=3,기준일 직전 설명·PvE 대상 검증 필요
lm_066e9e2396be007d,마법사,다크스타,UNKNOWN,UNKNOWN,NONE,BLOCKED,아니오,UNKNOWN,UNKNOWN,UNKNOWN,UNKNOWN,UNKNOWN,UNKNOWN,https://lineagem.inven.co.kr/db/skill/?job=3,기준일 직전 설명·PvE 대상 검증 필요
lm_667cc76187d7cfb0,마법사,디스인티그레이트(에이션트),UNKNOWN,UNKNOWN,NONE,BLOCKED,예,UNKNOWN,UNKNOWN,UNKNOWN,UNKNOWN,UNKNOWN,UNKNOWN,https://lineagem.inven.co.kr/db/skill/?job=3,기준일 직전 설명·PvE 대상 검증 필요
lm_0003da12740d1667,마법사,매직 마스터,UNKNOWN,UNKNOWN,NONE,BLOCKED,아니오,UNKNOWN,UNKNOWN,UNKNOWN,UNKNOWN,UNKNOWN,UNKNOWN,https://lineagem.inven.co.kr/db/skill/?job=3,기준일 직전 설명·PvE 대상 검증 필요
lm_990d3ee546159b25,마법사,매직 마스터(에이션트),UNKNOWN,UNKNOWN,NONE,BLOCKED,아니오,UNKNOWN,UNKNOWN,UNKNOWN,UNKNOWN,UNKNOWN,UNKNOWN,https://lineagem.inven.co.kr/db/skill/?job=3,기준일 직전 설명·PvE 대상 검증 필요
lm_a2061de276f9426d,마법사,미티어 스트라이크(에이션트),UNKNOWN,UNKNOWN,CONNECTED,PARTIAL,아니오,전설,하위 기술의 효과를 강화합니다.,80,UNKNOWN,미티어 스트라이크,CUSTOM_BALANCE,https://lineagem.inven.co.kr/db/skill/?job=3,기준일 직전 설명·PvE 대상 검증 필요
lm_2e07e94739e07387,마법사,에이션트 레벨레이션,UNKNOWN,UNKNOWN,NONE,BLOCKED,아니오,UNKNOWN,UNKNOWN,UNKNOWN,UNKNOWN,UNKNOWN,UNKNOWN,https://lineagem.inven.co.kr/db/skill/?job=3,기준일 직전 설명·PvE 대상 검증 필요
lm_70d0916d35271b32,마법사,블랙 실드,UNKNOWN,UNKNOWN,NONE,BLOCKED,아니오,UNKNOWN,UNKNOWN,UNKNOWN,UNKNOWN,UNKNOWN,UNKNOWN,https://lineagem.inven.co.kr/db/skill/?job=3,기준일 직전 설명·PvE 대상 검증 필요
lm_a3cc650c3ae7247a,마법사,홀리 스위프트(에이션트),VERIFIED,UNKNOWN,NONE,BLOCKED,아니오,UNKNOWN,UNKNOWN,UNKNOWN,UNKNOWN,UNKNOWN,UNKNOWN,https://lineagem.inven.co.kr/db/skill/?job=3 | https://gallo44.tistory.com/78,기준일 직전 설명·PvE 대상 검증 필요
lm_3abc1d4fc45f98de,마법사,브레이크 미러,UNKNOWN,UNKNOWN,NONE,BLOCKED,아니오,UNKNOWN,UNKNOWN,UNKNOWN,UNKNOWN,UNKNOWN,UNKNOWN,https://lineagem.inven.co.kr/db/skill/?job=3,기준일 직전 설명·PvE 대상 검증 필요
lm_01cb9df3ac82dfb0,마법사,오라클,UNKNOWN,UNKNOWN,NONE,BLOCKED,아니오,UNKNOWN,UNKNOWN,UNKNOWN,UNKNOWN,UNKNOWN,UNKNOWN,https://lineagem.inven.co.kr/db/skill/?job=3,기준일 직전 설명·PvE 대상 검증 필요
lm_343002604520fa53,마법사,카운터 디텍션,VERIFIED,UNKNOWN,NONE,BLOCKED,아니오,UNKNOWN,UNKNOWN,UNKNOWN,UNKNOWN,UNKNOWN,UNKNOWN,https://lineagem.inven.co.kr/db/skill/?job=3 | https://gallo44.tistory.com/78,기준일 직전 설명·PvE 대상 검증 필요
lm_09370fb0d313977d,마법사,턴 언데드(에이션트),UNKNOWN,UNKNOWN,NONE,BLOCKED,아니오,UNKNOWN,UNKNOWN,UNKNOWN,UNKNOWN,UNKNOWN,UNKNOWN,https://lineagem.inven.co.kr/db/skill/?job=3,기준일 직전 설명·PvE 대상 검증 필요
lm_e60ee7c053434e5f,마법사,디스인티그레이트,UNKNOWN,UNKNOWN,NONE,BLOCKED,예,UNKNOWN,UNKNOWN,UNKNOWN,UNKNOWN,UNKNOWN,UNKNOWN,https://lineagem.inven.co.kr/db/skill/?job=3,기준일 직전 설명·PvE 대상 검증 필요
lm_45cdacd8a42d0e5a,마법사,미티어 스트라이크,UNKNOWN,UNKNOWN,CONNECTED,PARTIAL,아니오,전설,불꽃 운석을 떨어뜨려 범위 피해를 입힙니다.,80,UNKNOWN,UNKNOWN,CUSTOM_BALANCE,https://lineagem.inven.co.kr/db/skill/?job=3,기준일 직전 설명·PvE 대상 검증 필요
lm_01141f56509e111e,마법사,앱솔루트 배리어,UNKNOWN,UNKNOWN,CONNECTED,PARTIAL,아니오,전설,짧은 시간 피해를 막습니다.,80,UNKNOWN,UNKNOWN,CUSTOM_BALANCE,https://lineagem.inven.co.kr/db/skill/?job=3,기준일 직전 설명·PvE 대상 검증 필요
lm_ea1766ed8bf721a9,마법사,캔슬레이션(에이션트),UNKNOWN,UNKNOWN,NONE,BLOCKED,아니오,UNKNOWN,UNKNOWN,UNKNOWN,UNKNOWN,UNKNOWN,UNKNOWN,https://lineagem.inven.co.kr/db/skill/?job=3,기준일 직전 설명·PvE 대상 검증 필요
lm_caa09311e43909ab,마법사,멘탈 포커스,VERIFIED,UNKNOWN,CONNECTED,PARTIAL,예,일반,조건을 만족하면 능력치를 적용합니다.,30,UNKNOWN,UNKNOWN,CUSTOM_BALANCE,https://lineagem.inven.co.kr/db/skill/?job=3 | https://mysmallplace.tistory.com/6,기준일 직전 설명·PvE 대상 검증 필요
lm_4577052891abbbc4,마법사,블랙 핸드,UNKNOWN,UNKNOWN,CONNECTED,PARTIAL,아니오,영웅,암흑 피해와 공포를 부여합니다.,60,UNKNOWN,UNKNOWN,CUSTOM_BALANCE,https://lineagem.inven.co.kr/db/skill/?job=3,기준일 직전 설명·PvE 대상 검증 필요
lm_b1922663d36bc890,마법사,이뮨 투 함,UNKNOWN,UNKNOWN,CONNECTED,PARTIAL,아니오,영웅,자신이 받는 피해를 절반으로 줄입니다.,60,UNKNOWN,UNKNOWN,CUSTOM_BALANCE,https://lineagem.inven.co.kr/db/skill/?job=3,기준일 직전 설명·PvE 대상 검증 필요
lm_e75b3b678c6914da,마법사,캔슬레이션,VERIFIED,UNKNOWN,NONE,BLOCKED,아니오,UNKNOWN,UNKNOWN,UNKNOWN,UNKNOWN,UNKNOWN,UNKNOWN,https://lineagem.inven.co.kr/db/skill/?job=3 | https://gallo44.tistory.com/78,기준일 직전 설명·PvE 대상 검증 필요
lm_4e78c9f1a828730a,마법사,파이어 스톰,VERIFIED,UNKNOWN,CONNECTED,PARTIAL,아니오,영웅,주변에 불꽃 폭풍을 일으킵니다.,60,UNKNOWN,UNKNOWN,CUSTOM_BALANCE,https://lineagem.inven.co.kr/db/skill/?job=3 | https://gallo44.tistory.com/78,기준일 직전 설명·PvE 대상 검증 필요
lm_81c8985fec94cf55,마법사,풀 힐,VERIFIED,UNKNOWN,CONNECTED,PARTIAL,예,영웅,SP에 비례해 생명력을 크게 회복합니다.,60,UNKNOWN,UNKNOWN,CUSTOM_BALANCE,https://lineagem.inven.co.kr/db/skill/?job=3 | https://gallo44.tistory.com/78,기준일 직전 설명·PvE 대상 검증 필요
lm_024a0e845c280295,마법사,블레스 웨폰,VERIFIED,UNKNOWN,CONNECTED,PARTIAL,예,일반,무기의 근접 피해와 명중을 높입니다.,30,UNKNOWN,UNKNOWN,CUSTOM_BALANCE,https://lineagem.inven.co.kr/db/skill/?job=3 | https://gallo44.tistory.com/78,기준일 직전 설명·PvE 대상 검증 필요
lm_0a40aac377422f70,마법사,셰이프 체인지,UNKNOWN,UNKNOWN,NONE,BLOCKED,아니오,UNKNOWN,UNKNOWN,UNKNOWN,UNKNOWN,UNKNOWN,UNKNOWN,https://lineagem.inven.co.kr/db/skill/?job=3,기준일 직전 설명·PvE 대상 검증 필요
lm_7b6bd6ce56189fbc,마법사,사일런스,VERIFIED,UNKNOWN,CONNECTED,PARTIAL,예,일반,마법 사용을 봉쇄합니다.,30,UNKNOWN,UNKNOWN,CUSTOM_BALANCE,https://lineagem.inven.co.kr/db/skill/?job=3 | https://mysmallplace.tistory.com/6,기준일 직전 설명·PvE 대상 검증 필요
lm_e8236ca60328dd0a,마법사,아이스 스파이크,VERIFIED,UNKNOWN,CONNECTED,PARTIAL,예,일반,얼음 가시로 마법 피해를 입힙니다.,30,UNKNOWN,UNKNOWN,CUSTOM_BALANCE,https://lineagem.inven.co.kr/db/skill/?job=3 | https://m.inven.co.kr/board/lineagem/5019/587688,기준일 직전 설명·PvE 대상 검증 필요
lm_d23194d0b63ee4e1,마법사,어드밴스 스피릿,VERIFIED,UNKNOWN,CONNECTED,PARTIAL,예,일반,최대 HP와 MP를 함께 높입니다.,30,UNKNOWN,UNKNOWN,CUSTOM_BALANCE,https://lineagem.inven.co.kr/db/skill/?job=3 | https://m.inven.co.kr/board/lineagem/5019/587688,기준일 직전 설명·PvE 대상 검증 필요
lm_19edb16ff7370abe,마법사,인비지블리티,VERIFIED,UNKNOWN,CONNECTED,PARTIAL,예,일반,투명해져 몬스터의 탐색을 피합니다. 공격하면 해제됩니다.,30,UNKNOWN,UNKNOWN,CUSTOM_BALANCE,https://lineagem.inven.co.kr/db/skill/?job=3 | https://mysmallplace.tistory.com/6,기준일 직전 설명·PvE 대상 검증 필요
lm_c748fb273d902d65,마법사,디지즈,UNKNOWN,UNKNOWN,NONE,BLOCKED,아니오,UNKNOWN,UNKNOWN,UNKNOWN,UNKNOWN,UNKNOWN,UNKNOWN,https://lineagem.inven.co.kr/db/skill/?job=3,기준일 직전 설명·PvE 대상 검증 필요
lm_888f5081be0803ab,마법사,버서커스,VERIFIED,UNKNOWN,NONE,BLOCKED,아니오,UNKNOWN,UNKNOWN,UNKNOWN,UNKNOWN,UNKNOWN,UNKNOWN,https://lineagem.inven.co.kr/db/skill/?job=3 | https://m.inven.co.kr/board/lineagem/5019/587688,기준일 직전 설명·PvE 대상 검증 필요
lm_f5125fc718ebf071,마법사,슬로우,VERIFIED,UNKNOWN,CONNECTED,PARTIAL,아니오,일반,적의 이동과 공격 속도를 낮춥니다.,30,UNKNOWN,UNKNOWN,CUSTOM_BALANCE,https://lineagem.inven.co.kr/db/skill/?job=3 | https://gallo44.tistory.com/78,기준일 직전 설명·PvE 대상 검증 필요
lm_8a8cc8a1b79e85f5,마법사,이럽션,VERIFIED,UNKNOWN,CONNECTED,PARTIAL,아니오,일반,직선으로 대지를 갈라 마법 피해를 입힙니다.,30,UNKNOWN,UNKNOWN,CUSTOM_BALANCE,https://lineagem.inven.co.kr/db/skill/?job=3 | https://mysmallplace.tistory.com/6,기준일 직전 설명·PvE 대상 검증 필요
lm_9c43d699f7956f55,마법사,홀리 스위프트,UNKNOWN,UNKNOWN,CONNECTED,PARTIAL,아니오,일반,조건을 만족하면 능력치를 적용합니다.,30,UNKNOWN,UNKNOWN,CUSTOM_BALANCE,https://lineagem.inven.co.kr/db/skill/?job=3,기준일 직전 설명·PvE 대상 검증 필요
lm_02b986dccf42c85a,마법사,힐 올,VERIFIED,UNKNOWN,NONE,BLOCKED,아니오,UNKNOWN,UNKNOWN,UNKNOWN,UNKNOWN,UNKNOWN,UNKNOWN,https://lineagem.inven.co.kr/db/skill/?job=3 | https://m.inven.co.kr/board/lineagem/5019/587688,기준일 직전 설명·PvE 대상 검증 필요
lm_c88f535bd7afa8eb,마법사,스페셜 어택: 마법사,UNKNOWN,UNKNOWN,NONE,BLOCKED,아니오,UNKNOWN,UNKNOWN,UNKNOWN,UNKNOWN,UNKNOWN,UNKNOWN,https://lineagem.inven.co.kr/db/skill/?job=3,기준일 직전 설명·PvE 대상 검증 필요
lm_6c8728b996fcdcd9,마법사,그레이터 힐,VERIFIED,UNKNOWN,NONE,BLOCKED,예,UNKNOWN,UNKNOWN,UNKNOWN,UNKNOWN,UNKNOWN,UNKNOWN,https://lineagem.inven.co.kr/db/skill/?job=3 | https://gallo44.tistory.com/78,기준일 직전 설명·PvE 대상 검증 필요
lm_7b706e920f803f21,마법사,디크리즈 웨이트,VERIFIED,UNKNOWN,NONE,BLOCKED,아니오,UNKNOWN,UNKNOWN,UNKNOWN,UNKNOWN,UNKNOWN,UNKNOWN,https://lineagem.inven.co.kr/db/skill/?job=3 | https://gallo44.tistory.com/78,기준일 직전 설명·PvE 대상 검증 필요
lm_d1174059aae59f34,마법사,디텍션,VERIFIED,UNKNOWN,NONE,BLOCKED,아니오,UNKNOWN,UNKNOWN,UNKNOWN,UNKNOWN,UNKNOWN,UNKNOWN,https://lineagem.inven.co.kr/db/skill/?job=3 | https://gallo44.tistory.com/78,기준일 직전 설명·PvE 대상 검증 필요
lm_cc215ac010c31390,마법사,라이트,VERIFIED,UNKNOWN,NONE,BLOCKED,아니오,UNKNOWN,UNKNOWN,UNKNOWN,UNKNOWN,UNKNOWN,UNKNOWN,https://lineagem.inven.co.kr/db/skill/?job=3 | https://gallo44.tistory.com/78,기준일 직전 설명·PvE 대상 검증 필요
lm_896df429f726cfb5,마법사,리무브 커스,VERIFIED,UNKNOWN,NONE,BLOCKED,아니오,UNKNOWN,UNKNOWN,UNKNOWN,UNKNOWN,UNKNOWN,UNKNOWN,https://lineagem.inven.co.kr/db/skill/?job=3 | https://gallo44.tistory.com/78,기준일 직전 설명·PvE 대상 검증 필요
lm_fc7a89bf18f99fb1,마법사,마나 드레인,VERIFIED,UNKNOWN,NONE,BLOCKED,아니오,UNKNOWN,UNKNOWN,UNKNOWN,UNKNOWN,UNKNOWN,UNKNOWN,https://lineagem.inven.co.kr/db/skill/?job=3 | https://gallo44.tistory.com/78,기준일 직전 설명·PvE 대상 검증 필요
lm_bf6d2dbabf6434bd,마법사,메디테이션,VERIFIED,UNKNOWN,NONE,BLOCKED,아니오,UNKNOWN,UNKNOWN,UNKNOWN,UNKNOWN,UNKNOWN,UNKNOWN,https://lineagem.inven.co.kr/db/skill/?job=3 | https://gallo44.tistory.com/78,기준일 직전 설명·PvE 대상 검증 필요
lm_68aba22c955709b5,마법사,뱀파이어릭 터치,VERIFIED,UNKNOWN,NONE,BLOCKED,아니오,UNKNOWN,UNKNOWN,UNKNOWN,UNKNOWN,UNKNOWN,UNKNOWN,https://lineagem.inven.co.kr/db/skill/?job=3 | https://gallo44.tistory.com/78,기준일 직전 설명·PvE 대상 검증 필요
lm_e335332a2e49236c,마법사,블레스드 아머,VERIFIED,UNKNOWN,NONE,BLOCKED,아니오,UNKNOWN,UNKNOWN,UNKNOWN,UNKNOWN,UNKNOWN,UNKNOWN,https://lineagem.inven.co.kr/db/skill/?job=3 | https://gallo44.tistory.com/78,기준일 직전 설명·PvE 대상 검증 필요
lm_da11843e593842dd,마법사,선 버스트,UNKNOWN,UNKNOWN,NONE,BLOCKED,아니오,UNKNOWN,UNKNOWN,UNKNOWN,UNKNOWN,UNKNOWN,UNKNOWN,https://lineagem.inven.co.kr/db/skill/?job=3,기준일 직전 설명·PvE 대상 검증 필요
lm_67cbdf9a54c84935,마법사,실드,UNKNOWN,UNKNOWN,NONE,BLOCKED,예,UNKNOWN,UNKNOWN,UNKNOWN,UNKNOWN,UNKNOWN,UNKNOWN,https://lineagem.inven.co.kr/db/skill/?job=3,기준일 직전 설명·PvE 대상 검증 필요
lm_0af925eb2a6d3a17,마법사,어스 재일,VERIFIED,UNKNOWN,NONE,BLOCKED,예,UNKNOWN,UNKNOWN,UNKNOWN,UNKNOWN,UNKNOWN,UNKNOWN,https://lineagem.inven.co.kr/db/skill/?job=3 | https://gallo44.tistory.com/78,기준일 직전 설명·PvE 대상 검증 필요
lm_e83df86d0feed78c,마법사,에너지 볼트,VERIFIED,UNKNOWN,NONE,BLOCKED,예,UNKNOWN,UNKNOWN,UNKNOWN,UNKNOWN,UNKNOWN,UNKNOWN,https://lineagem.inven.co.kr/db/skill/?job=3 | https://gallo44.tistory.com/78,기준일 직전 설명·PvE 대상 검증 필요
lm_a8b7f661c1d73428,마법사,위크니스,VERIFIED,UNKNOWN,NONE,BLOCKED,아니오,UNKNOWN,UNKNOWN,UNKNOWN,UNKNOWN,UNKNOWN,UNKNOWN,https://lineagem.inven.co.kr/db/skill/?job=3 | https://gallo44.tistory.com/78,기준일 직전 설명·PvE 대상 검증 필요
lm_532bcca835f3395a,마법사,인챈트 스테이터스,UNKNOWN,UNKNOWN,NONE,BLOCKED,예,UNKNOWN,UNKNOWN,UNKNOWN,UNKNOWN,UNKNOWN,UNKNOWN,https://lineagem.inven.co.kr/db/skill/?job=3,기준일 직전 설명·PvE 대상 검증 필요
lm_b4ede6b4be16c967,마법사,카운터 매직,VERIFIED,UNKNOWN,NONE,BLOCKED,아니오,UNKNOWN,UNKNOWN,UNKNOWN,UNKNOWN,UNKNOWN,UNKNOWN,https://lineagem.inven.co.kr/db/skill/?job=3 | https://gallo44.tistory.com/78,기준일 직전 설명·PvE 대상 검증 필요
lm_4d5f8891a349774d,마법사,콘 오브 콜드,VERIFIED,UNKNOWN,NONE,BLOCKED,예,UNKNOWN,UNKNOWN,UNKNOWN,UNKNOWN,UNKNOWN,UNKNOWN,https://lineagem.inven.co.kr/db/skill/?job=3 | https://gallo44.tistory.com/78,기준일 직전 설명·PvE 대상 검증 필요
lm_3131f6b2c0aac7d4,마법사,콜 라이트닝,UNKNOWN,UNKNOWN,NONE,BLOCKED,예,UNKNOWN,UNKNOWN,UNKNOWN,UNKNOWN,UNKNOWN,UNKNOWN,https://lineagem.inven.co.kr/db/skill/?job=3,기준일 직전 설명·PvE 대상 검증 필요
lm_b24ac65f248c8d49,마법사,큐어 포이즌,VERIFIED,UNKNOWN,NONE,BLOCKED,아니오,UNKNOWN,UNKNOWN,UNKNOWN,UNKNOWN,UNKNOWN,UNKNOWN,https://lineagem.inven.co.kr/db/skill/?job=3 | https://gallo44.tistory.com/78,기준일 직전 설명·PvE 대상 검증 필요
lm_e35a5e1482fc0950,마법사,턴 언데드,VERIFIED,UNKNOWN,NONE,BLOCKED,예,UNKNOWN,UNKNOWN,UNKNOWN,UNKNOWN,UNKNOWN,UNKNOWN,https://lineagem.inven.co.kr/db/skill/?job=3 | https://gallo44.tistory.com/78,기준일 직전 설명·PvE 대상 검증 필요
lm_e1bbb2d0ee421a01,마법사,텔레포트,UNKNOWN,UNKNOWN,NONE,BLOCKED,예,UNKNOWN,UNKNOWN,UNKNOWN,UNKNOWN,UNKNOWN,UNKNOWN,https://lineagem.inven.co.kr/db/skill/?job=3,기준일 직전 설명·PvE 대상 검증 필요
lm_a582069d219d9d6d,마법사,파이어 볼,VERIFIED,UNKNOWN,NONE,BLOCKED,예,UNKNOWN,UNKNOWN,UNKNOWN,UNKNOWN,UNKNOWN,UNKNOWN,https://lineagem.inven.co.kr/db/skill/?job=3 | https://gallo44.tistory.com/78,기준일 직전 설명·PvE 대상 검증 필요
lm_f388cc3a8bb5632a,마법사,프로즌 클라우드,VERIFIED,UNKNOWN,NONE,BLOCKED,아니오,UNKNOWN,UNKNOWN,UNKNOWN,UNKNOWN,UNKNOWN,UNKNOWN,https://lineagem.inven.co.kr/db/skill/?job=3 | https://gallo44.tistory.com/78,기준일 직전 설명·PvE 대상 검증 필요
lm_28aa70f8bfd9ee04,마법사,헤이스트,UNKNOWN,UNKNOWN,NONE,BLOCKED,예,UNKNOWN,UNKNOWN,UNKNOWN,UNKNOWN,UNKNOWN,UNKNOWN,https://lineagem.inven.co.kr/db/skill/?job=3,기준일 직전 설명·PvE 대상 검증 필요
lm_ed5b82212a7ef89b,다크엘프,나이트메어,UNKNOWN,UNKNOWN,NONE,BLOCKED,아니오,UNKNOWN,UNKNOWN,UNKNOWN,UNKNOWN,UNKNOWN,UNKNOWN,https://lineagem.inven.co.kr/db/skill/?job=4,기준일 직전 설명·PvE 대상 검증 필요
lm_45768903df805784,다크엘프,데몬 대시,UNKNOWN,UNKNOWN,NONE,BLOCKED,아니오,UNKNOWN,UNKNOWN,UNKNOWN,UNKNOWN,UNKNOWN,UNKNOWN,https://lineagem.inven.co.kr/db/skill/?job=4,기준일 직전 설명·PvE 대상 검증 필요
lm_8a10ff5329d79260,다크엘프,서먼 언데드,UNKNOWN,UNKNOWN,NONE,BLOCKED,아니오,UNKNOWN,UNKNOWN,UNKNOWN,UNKNOWN,UNKNOWN,UNKNOWN,https://lineagem.inven.co.kr/db/skill/?job=4,기준일 직전 설명·PvE 대상 검증 필요
lm_3b4c4a2cf1c638e1,다크엘프,쉐도우 스턴,UNKNOWN,UNKNOWN,NONE,BLOCKED,아니오,UNKNOWN,UNKNOWN,UNKNOWN,UNKNOWN,UNKNOWN,UNKNOWN,https://lineagem.inven.co.kr/db/skill/?job=4,기준일 직전 설명·PvE 대상 검증 필요
lm_5a15879e9bb3479f,다크엘프,얼티밋 디그니티,UNKNOWN,UNKNOWN,NONE,BLOCKED,아니오,UNKNOWN,UNKNOWN,UNKNOWN,UNKNOWN,UNKNOWN,UNKNOWN,https://lineagem.inven.co.kr/db/skill/?job=4,기준일 직전 설명·PvE 대상 검증 필요
lm_c3f4016fd72cd5c4,다크엘프,얼티밋 디텍션,UNKNOWN,UNKNOWN,NONE,BLOCKED,아니오,UNKNOWN,UNKNOWN,UNKNOWN,UNKNOWN,UNKNOWN,UNKNOWN,https://lineagem.inven.co.kr/db/skill/?job=4,기준일 직전 설명·PvE 대상 검증 필요
lm_5ed9e2a8999d2852,다크엘프,얼티밋 배리어,UNKNOWN,UNKNOWN,NONE,BLOCKED,아니오,UNKNOWN,UNKNOWN,UNKNOWN,UNKNOWN,UNKNOWN,UNKNOWN,https://lineagem.inven.co.kr/db/skill/?job=4,기준일 직전 설명·PvE 대상 검증 필요
lm_f261f4b305fe0697,다크엘프,얼티밋 스턴,UNKNOWN,UNKNOWN,NONE,BLOCKED,아니오,UNKNOWN,UNKNOWN,UNKNOWN,UNKNOWN,UNKNOWN,UNKNOWN,https://lineagem.inven.co.kr/db/skill/?job=4,기준일 직전 설명·PvE 대상 검증 필요
lm_33b3079e9af2f68a,다크엘프,더블 브레이크(데스티니),UNKNOWN,UNKNOWN,NONE,BLOCKED,예,UNKNOWN,UNKNOWN,UNKNOWN,UNKNOWN,UNKNOWN,UNKNOWN,https://lineagem.inven.co.kr/db/skill/?job=4,기준일 직전 설명·PvE 대상 검증 필요
lm_c76ec0db67c437ba,다크엘프,루시퍼,UNKNOWN,UNKNOWN,NONE,BLOCKED,아니오,UNKNOWN,UNKNOWN,UNKNOWN,UNKNOWN,UNKNOWN,UNKNOWN,https://lineagem.inven.co.kr/db/skill/?job=4,기준일 직전 설명·PvE 대상 검증 필요
lm_6b83c3b12e83de2c,다크엘프,아머 브레이크(데스티니),UNKNOWN,UNKNOWN,NONE,BLOCKED,아니오,UNKNOWN,UNKNOWN,UNKNOWN,UNKNOWN,UNKNOWN,UNKNOWN,https://lineagem.inven.co.kr/db/skill/?job=4,기준일 직전 설명·PvE 대상 검증 필요
lm_9b2cf5bae0790360,다크엘프,어쌔신,UNKNOWN,UNKNOWN,NONE,BLOCKED,아니오,UNKNOWN,UNKNOWN,UNKNOWN,UNKNOWN,UNKNOWN,UNKNOWN,https://lineagem.inven.co.kr/db/skill/?job=4,기준일 직전 설명·PvE 대상 검증 필요
lm_ac7b29c520ec7508,다크엘프,루나틱,UNKNOWN,UNKNOWN,NONE,BLOCKED,아니오,UNKNOWN,UNKNOWN,UNKNOWN,UNKNOWN,UNKNOWN,UNKNOWN,https://lineagem.inven.co.kr/db/skill/?job=4,기준일 직전 설명·PvE 대상 검증 필요
lm_4321f0683178c049,다크엘프,쉐도우 쇼크,UNKNOWN,UNKNOWN,NONE,BLOCKED,아니오,UNKNOWN,UNKNOWN,UNKNOWN,UNKNOWN,UNKNOWN,UNKNOWN,https://lineagem.inven.co.kr/db/skill/?job=4,기준일 직전 설명·PvE 대상 검증 필요
lm_93a9cfd70746ebeb,다크엘프,아머 브레이크,UNKNOWN,UNKNOWN,NONE,BLOCKED,아니오,UNKNOWN,UNKNOWN,UNKNOWN,UNKNOWN,UNKNOWN,UNKNOWN,https://lineagem.inven.co.kr/db/skill/?job=4,기준일 직전 설명·PvE 대상 검증 필요
lm_649213570b0b38d6,다크엘프,버닝 스피릿츠(데스티니),VERIFIED,UNKNOWN,NONE,BLOCKED,아니오,UNKNOWN,UNKNOWN,UNKNOWN,UNKNOWN,UNKNOWN,UNKNOWN,https://lineagem.inven.co.kr/db/skill/?job=4 | https://gallo44.tistory.com/78,기준일 직전 설명·PvE 대상 검증 필요
lm_dcc99b5999f8e6ec,다크엘프,베놈 마스터리(데스티니),UNKNOWN,UNKNOWN,NONE,BLOCKED,아니오,UNKNOWN,UNKNOWN,UNKNOWN,UNKNOWN,UNKNOWN,UNKNOWN,https://lineagem.inven.co.kr/db/skill/?job=4,기준일 직전 설명·PvE 대상 검증 필요
lm_755b768c13bca2db,다크엘프,쉐도우 대시,UNKNOWN,UNKNOWN,NONE,BLOCKED,아니오,UNKNOWN,UNKNOWN,UNKNOWN,UNKNOWN,UNKNOWN,UNKNOWN,https://lineagem.inven.co.kr/db/skill/?job=4,기준일 직전 설명·PvE 대상 검증 필요
lm_54a8d5dc03feaf12,다크엘프,쉐도우 블라인드,UNKNOWN,UNKNOWN,NONE,BLOCKED,아니오,UNKNOWN,UNKNOWN,UNKNOWN,UNKNOWN,UNKNOWN,UNKNOWN,https://lineagem.inven.co.kr/db/skill/?job=4,기준일 직전 설명·PvE 대상 검증 필요
lm_f068392c1dfc3a0c,다크엘프,쉐도우 아머(데스티니),UNKNOWN,UNKNOWN,NONE,BLOCKED,아니오,UNKNOWN,UNKNOWN,UNKNOWN,UNKNOWN,UNKNOWN,UNKNOWN,https://lineagem.inven.co.kr/db/skill/?job=4,기준일 직전 설명·PvE 대상 검증 필요
lm_2ac88b2d175de779,다크엘프,쉐도우 악셀레이션,VERIFIED,UNKNOWN,NONE,BLOCKED,아니오,UNKNOWN,UNKNOWN,UNKNOWN,UNKNOWN,UNKNOWN,UNKNOWN,https://lineagem.inven.co.kr/db/skill/?job=4 | https://gallo44.tistory.com/78,기준일 직전 설명·PvE 대상 검증 필요
lm_6ef968ef95e821ef,다크엘프,언케니 닷지(데스티니),VERIFIED,UNKNOWN,NONE,BLOCKED,아니오,UNKNOWN,UNKNOWN,UNKNOWN,UNKNOWN,UNKNOWN,UNKNOWN,https://lineagem.inven.co.kr/db/skill/?job=4 | https://gallo44.tistory.com/78,기준일 직전 설명·PvE 대상 검증 필요
lm_8e2c8c76c068ae0e,다크엘프,쉐도우 리커버리,VERIFIED,UNKNOWN,CONNECTED,PARTIAL,아니오,영웅,회복 후 일시적으로 근접·원거리 회피를 높입니다.,60,UNKNOWN,UNKNOWN,CUSTOM_BALANCE,https://lineagem.inven.co.kr/db/skill/?job=4 | https://gallo44.tistory.com/78,기준일 직전 설명·PvE 대상 검증 필요
lm_6dd9dff05d36d6fd,다크엘프,쉐도우 콤비네이션,VERIFIED,UNKNOWN,CONNECTED,PARTIAL,아니오,일반,조건을 만족하면 능력치를 적용합니다.,30,UNKNOWN,UNKNOWN,CUSTOM_BALANCE,https://lineagem.inven.co.kr/db/skill/?job=4 | https://m.inven.co.kr/board/lineagem/5019/587688,기준일 직전 설명·PvE 대상 검증 필요
lm_00d9f77d3ff9315a,다크엘프,더블 브레이크,VERIFIED,UNKNOWN,CONNECTED,PARTIAL,예,일반,공격 시 확률적으로 두 배 피해를 줍니다.,30,UNKNOWN,UNKNOWN,CUSTOM_BALANCE,https://lineagem.inven.co.kr/db/skill/?job=4 | https://lineagem.inven.co.kr/db/skill/,기준일 직전 설명·PvE 대상 검증 필요
lm_888a50500b32fd03,다크엘프,쉐도우 팽,VERIFIED,UNKNOWN,CONNECTED,PARTIAL,아니오,일반,조건을 만족하면 능력치를 적용합니다.,30,UNKNOWN,UNKNOWN,CUSTOM_BALANCE,https://lineagem.inven.co.kr/db/skill/?job=4 | https://m.inven.co.kr/board/lineagem/5019/587688,기준일 직전 설명·PvE 대상 검증 필요
lm_973b29c604744901,다크엘프,언케니 이베이젼,VERIFIED,UNKNOWN,CONNECTED,PARTIAL,아니오,일반,조건을 만족하면 능력치를 적용합니다.,30,UNKNOWN,UNKNOWN,CUSTOM_BALANCE,https://lineagem.inven.co.kr/db/skill/?job=4 | https://m.inven.co.kr/board/lineagem/5019/587688,기준일 직전 설명·PvE 대상 검증 필요
lm_dfca106e06af6bd6,다크엘프,쉐도우 스텝,UNKNOWN,UNKNOWN,NONE,BLOCKED,아니오,UNKNOWN,UNKNOWN,UNKNOWN,UNKNOWN,UNKNOWN,UNKNOWN,https://lineagem.inven.co.kr/db/skill/?job=4,기준일 직전 설명·PvE 대상 검증 필요
lm_c4d9fc188ccef94d,다크엘프,버닝 스피릿츠,VERIFIED,UNKNOWN,NONE,BLOCKED,아니오,UNKNOWN,UNKNOWN,UNKNOWN,UNKNOWN,UNKNOWN,UNKNOWN,https://lineagem.inven.co.kr/db/skill/?job=4 | https://gallo44.tistory.com/78,기준일 직전 설명·PvE 대상 검증 필요
lm_54499b084e8dd108,다크엘프,블러디 크로우,UNKNOWN,UNKNOWN,NONE,BLOCKED,아니오,UNKNOWN,UNKNOWN,UNKNOWN,UNKNOWN,UNKNOWN,UNKNOWN,https://lineagem.inven.co.kr/db/skill/?job=4,기준일 직전 설명·PvE 대상 검증 필요
lm_6b42a84159b0711e,다크엘프,쉐도우 슬립,VERIFIED,UNKNOWN,NONE,BLOCKED,아니오,UNKNOWN,UNKNOWN,UNKNOWN,UNKNOWN,UNKNOWN,UNKNOWN,https://lineagem.inven.co.kr/db/skill/?job=4 | https://m.inven.co.kr/board/lineagem/5019/587688,기준일 직전 설명·PvE 대상 검증 필요
lm_b6e46e806faf7eac,다크엘프,쉐도우 아머,VERIFIED,UNKNOWN,CONNECTED,PARTIAL,아니오,일반,마법 저항을 높입니다.,30,UNKNOWN,UNKNOWN,CUSTOM_BALANCE,https://lineagem.inven.co.kr/db/skill/?job=4 | https://gallo44.tistory.com/78,기준일 직전 설명·PvE 대상 검증 필요
lm_340e4a181238773c,다크엘프,언케니 닷지,VERIFIED,UNKNOWN,CONNECTED,PARTIAL,아니오,일반,근접 공격 회피를 높입니다.,30,UNKNOWN,UNKNOWN,CUSTOM_BALANCE,https://lineagem.inven.co.kr/db/skill/?job=4 | https://gallo44.tistory.com/78,기준일 직전 설명·PvE 대상 검증 필요
lm_50ae0cb7d44b7546,다크엘프,무빙 악셀레이션,VERIFIED,UNKNOWN,CONNECTED,PARTIAL,아니오,일반,조건을 만족하면 능력치를 적용합니다.,30,UNKNOWN,UNKNOWN,CUSTOM_BALANCE,https://lineagem.inven.co.kr/db/skill/?job=4 | https://gallo44.tistory.com/78,기준일 직전 설명·PvE 대상 검증 필요
lm_e0161a67135d53a3,다크엘프,베놈 마스터리,VERIFIED,UNKNOWN,NONE,BLOCKED,아니오,UNKNOWN,UNKNOWN,UNKNOWN,UNKNOWN,UNKNOWN,UNKNOWN,https://lineagem.inven.co.kr/db/skill/?job=4 | https://gallo44.tistory.com/78,기준일 직전 설명·PvE 대상 검증 필요
lm_051ed12dad8a2421,다크엘프,쉐도우 하이딩,UNKNOWN,UNKNOWN,CONNECTED,PARTIAL,아니오,일반,반투명 상태를 유지하며 MP를 소모합니다. 공격·피격 시 해제됩니다.,30,UNKNOWN,UNKNOWN,CUSTOM_BALANCE,https://lineagem.inven.co.kr/db/skill/?job=4,기준일 직전 설명·PvE 대상 검증 필요
lm_de777fcd2046f0f0,다크엘프,스페셜 어택: 다크엘프,UNKNOWN,UNKNOWN,NONE,BLOCKED,아니오,UNKNOWN,UNKNOWN,UNKNOWN,UNKNOWN,UNKNOWN,UNKNOWN,https://lineagem.inven.co.kr/db/skill/?job=4,기준일 직전 설명·PvE 대상 검증 필요
lm_abc698e53c0ffc63,다크엘프,디크리즈 웨이트,VERIFIED,UNKNOWN,NONE,BLOCKED,아니오,UNKNOWN,UNKNOWN,UNKNOWN,UNKNOWN,UNKNOWN,UNKNOWN,https://lineagem.inven.co.kr/db/skill/?job=4 | https://gallo44.tistory.com/78,기준일 직전 설명·PvE 대상 검증 필요
lm_b5bc46d48e0d4bb5,다크엘프,디텍션,VERIFIED,UNKNOWN,NONE,BLOCKED,아니오,UNKNOWN,UNKNOWN,UNKNOWN,UNKNOWN,UNKNOWN,UNKNOWN,https://lineagem.inven.co.kr/db/skill/?job=4 | https://gallo44.tistory.com/78,기준일 직전 설명·PvE 대상 검증 필요
lm_5bc3ad5a24cfaa44,다크엘프,라이트,VERIFIED,UNKNOWN,NONE,BLOCKED,아니오,UNKNOWN,UNKNOWN,UNKNOWN,UNKNOWN,UNKNOWN,UNKNOWN,https://lineagem.inven.co.kr/db/skill/?job=4 | https://gallo44.tistory.com/78,기준일 직전 설명·PvE 대상 검증 필요
lm_e276a2db754406c0,다크엘프,실드,VERIFIED,UNKNOWN,NONE,BLOCKED,예,UNKNOWN,UNKNOWN,UNKNOWN,UNKNOWN,UNKNOWN,UNKNOWN,https://lineagem.inven.co.kr/db/skill/?job=4 | https://gallo44.tistory.com/78,기준일 직전 설명·PvE 대상 검증 필요
lm_df5c48244b4aa9a9,다크엘프,어스 재일,VERIFIED,UNKNOWN,NONE,BLOCKED,예,UNKNOWN,UNKNOWN,UNKNOWN,UNKNOWN,UNKNOWN,UNKNOWN,https://lineagem.inven.co.kr/db/skill/?job=4 | https://gallo44.tistory.com/78,기준일 직전 설명·PvE 대상 검증 필요
lm_2e1d7ab5272a0917,다크엘프,에너지 볼트,VERIFIED,UNKNOWN,NONE,BLOCKED,예,UNKNOWN,UNKNOWN,UNKNOWN,UNKNOWN,UNKNOWN,UNKNOWN,https://lineagem.inven.co.kr/db/skill/?job=4 | https://gallo44.tistory.com/78,기준일 직전 설명·PvE 대상 검증 필요
lm_18266dfa90a562ba,다크엘프,큐어 포이즌,VERIFIED,UNKNOWN,NONE,BLOCKED,아니오,UNKNOWN,UNKNOWN,UNKNOWN,UNKNOWN,UNKNOWN,UNKNOWN,https://lineagem.inven.co.kr/db/skill/?job=4 | https://gallo44.tistory.com/78,기준일 직전 설명·PvE 대상 검증 필요
lm_7644f0cc3d657601,다크엘프,텔레포트,VERIFIED,UNKNOWN,NONE,BLOCKED,예,UNKNOWN,UNKNOWN,UNKNOWN,UNKNOWN,UNKNOWN,UNKNOWN,https://lineagem.inven.co.kr/db/skill/?job=4 | https://gallo44.tistory.com/78,기준일 직전 설명·PvE 대상 검증 필요
lm_1ac858092153fad1,투사,데몬 대시,UNKNOWN,UNKNOWN,NONE,BLOCKED,아니오,UNKNOWN,UNKNOWN,UNKNOWN,UNKNOWN,UNKNOWN,UNKNOWN,https://lineagem.inven.co.kr/db/skill/?job=5,기준일 직전 설명·PvE 대상 검증 필요
lm_86e05f45229140f8,투사,브레스 스턴,UNKNOWN,UNKNOWN,NONE,BLOCKED,아니오,UNKNOWN,UNKNOWN,UNKNOWN,UNKNOWN,UNKNOWN,UNKNOWN,https://lineagem.inven.co.kr/db/skill/?job=5,기준일 직전 설명·PvE 대상 검증 필요
lm_2038bd2509c40f4f,투사,서먼 언데드,UNKNOWN,UNKNOWN,NONE,BLOCKED,아니오,UNKNOWN,UNKNOWN,UNKNOWN,UNKNOWN,UNKNOWN,UNKNOWN,https://lineagem.inven.co.kr/db/skill/?job=5,기준일 직전 설명·PvE 대상 검증 필요
lm_b864ab63b5fc91ed,투사,아수라,UNKNOWN,UNKNOWN,NONE,BLOCKED,아니오,UNKNOWN,UNKNOWN,UNKNOWN,UNKNOWN,UNKNOWN,UNKNOWN,https://lineagem.inven.co.kr/db/skill/?job=5,기준일 직전 설명·PvE 대상 검증 필요
lm_10a973032b773152,투사,얼티밋 디그니티,UNKNOWN,UNKNOWN,NONE,BLOCKED,아니오,UNKNOWN,UNKNOWN,UNKNOWN,UNKNOWN,UNKNOWN,UNKNOWN,https://lineagem.inven.co.kr/db/skill/?job=5,기준일 직전 설명·PvE 대상 검증 필요
lm_0ea3485f27380a18,투사,얼티밋 디텍션,UNKNOWN,UNKNOWN,NONE,BLOCKED,아니오,UNKNOWN,UNKNOWN,UNKNOWN,UNKNOWN,UNKNOWN,UNKNOWN,https://lineagem.inven.co.kr/db/skill/?job=5,기준일 직전 설명·PvE 대상 검증 필요
lm_6adea7a00c2f70e3,투사,얼티밋 배리어,UNKNOWN,UNKNOWN,NONE,BLOCKED,아니오,UNKNOWN,UNKNOWN,UNKNOWN,UNKNOWN,UNKNOWN,UNKNOWN,https://lineagem.inven.co.kr/db/skill/?job=5,기준일 직전 설명·PvE 대상 검증 필요
lm_4e201033c4a9cf63,투사,얼티밋 스턴,UNKNOWN,UNKNOWN,NONE,BLOCKED,아니오,UNKNOWN,UNKNOWN,UNKNOWN,UNKNOWN,UNKNOWN,UNKNOWN,https://lineagem.inven.co.kr/db/skill/?job=5,기준일 직전 설명·PvE 대상 검증 필요
lm_517ca31126a31b45,투사,드래곤 포스,UNKNOWN,UNKNOWN,CONNECTED,PARTIAL,아니오,전설,자신을 회복하고 잠시 스턴 저항을 높입니다.,80,UNKNOWN,UNKNOWN,CUSTOM_BALANCE,https://lineagem.inven.co.kr/db/skill/?job=5,기준일 직전 설명·PvE 대상 검증 필요
lm_816e9fd2e2e8a4e8,투사,아우라키아,UNKNOWN,UNKNOWN,NONE,BLOCKED,아니오,UNKNOWN,UNKNOWN,UNKNOWN,UNKNOWN,UNKNOWN,UNKNOWN,https://lineagem.inven.co.kr/db/skill/?job=5,기준일 직전 설명·PvE 대상 검증 필요
lm_bee75c8ada60baad,투사,체인소드 마스터리(임팩트),UNKNOWN,UNKNOWN,NONE,BLOCKED,아니오,UNKNOWN,UNKNOWN,UNKNOWN,UNKNOWN,UNKNOWN,UNKNOWN,https://lineagem.inven.co.kr/db/skill/?job=5,기준일 직전 설명·PvE 대상 검증 필요
lm_2cb13ca603ee3b56,투사,패링,UNKNOWN,UNKNOWN,NONE,BLOCKED,아니오,UNKNOWN,UNKNOWN,UNKNOWN,UNKNOWN,UNKNOWN,UNKNOWN,https://lineagem.inven.co.kr/db/skill/?job=5,기준일 직전 설명·PvE 대상 검증 필요
lm_42430b8b7121347d,투사,할파스,UNKNOWN,UNKNOWN,NONE,BLOCKED,아니오,UNKNOWN,UNKNOWN,UNKNOWN,UNKNOWN,UNKNOWN,UNKNOWN,https://lineagem.inven.co.kr/db/skill/?job=5,기준일 직전 설명·PvE 대상 검증 필요
lm_0f40cd89b0b5a059,투사,드래곤 스턴,UNKNOWN,UNKNOWN,NONE,BLOCKED,아니오,UNKNOWN,UNKNOWN,UNKNOWN,UNKNOWN,UNKNOWN,UNKNOWN,https://lineagem.inven.co.kr/db/skill/?job=5,기준일 직전 설명·PvE 대상 검증 필요
lm_5b718f3bd04d010c,투사,보일링 블러드,UNKNOWN,UNKNOWN,NONE,BLOCKED,아니오,UNKNOWN,UNKNOWN,UNKNOWN,UNKNOWN,UNKNOWN,UNKNOWN,https://lineagem.inven.co.kr/db/skill/?job=5,기준일 직전 설명·PvE 대상 검증 필요
lm_130376512576d42c,투사,썬더 그랩(임팩트),UNKNOWN,UNKNOWN,NONE,BLOCKED,아니오,UNKNOWN,UNKNOWN,UNKNOWN,UNKNOWN,UNKNOWN,UNKNOWN,https://lineagem.inven.co.kr/db/skill/?job=5,기준일 직전 설명·PvE 대상 검증 필요
lm_ce3f2355664b4f4a,투사,피어(임팩트),UNKNOWN,UNKNOWN,NONE,BLOCKED,아니오,UNKNOWN,UNKNOWN,UNKNOWN,UNKNOWN,UNKNOWN,UNKNOWN,https://lineagem.inven.co.kr/db/skill/?job=5,기준일 직전 설명·PvE 대상 검증 필요
lm_22da0b398fee8b35,투사,가드 브레이크(임팩트),UNKNOWN,UNKNOWN,NONE,BLOCKED,아니오,UNKNOWN,UNKNOWN,UNKNOWN,UNKNOWN,UNKNOWN,UNKNOWN,https://lineagem.inven.co.kr/db/skill/?job=5,기준일 직전 설명·PvE 대상 검증 필요
lm_a3f1da232ab333b5,투사,드래곤 실드,VERIFIED,UNKNOWN,CONNECTED,PARTIAL,아니오,영웅,조건을 만족하면 능력치를 적용합니다.,60,UNKNOWN,UNKNOWN,CUSTOM_BALANCE,https://lineagem.inven.co.kr/db/skill/?job=5 | https://gallo44.tistory.com/78,기준일 직전 설명·PvE 대상 검증 필요
lm_4305929c0d438180,투사,드래곤 아머(임팩트),VERIFIED,UNKNOWN,NONE,BLOCKED,아니오,UNKNOWN,UNKNOWN,UNKNOWN,UNKNOWN,UNKNOWN,UNKNOWN,https://lineagem.inven.co.kr/db/skill/?job=5 | https://gallo44.tistory.com/78,기준일 직전 설명·PvE 대상 검증 필요
lm_cbed42cb19ad70d5,투사,리플렉팅 실드,VERIFIED,UNKNOWN,CONNECTED,PARTIAL,아니오,영웅,조건을 만족하면 능력치를 적용합니다.,60,UNKNOWN,UNKNOWN,CUSTOM_BALANCE,https://lineagem.inven.co.kr/db/skill/?job=5 | https://gallo44.tistory.com/78,기준일 직전 설명·PvE 대상 검증 필요
lm_2c4ce5deabfd067c,투사,체인 플레임(임팩트),UNKNOWN,UNKNOWN,NONE,BLOCKED,아니오,UNKNOWN,UNKNOWN,UNKNOWN,UNKNOWN,UNKNOWN,UNKNOWN,https://lineagem.inven.co.kr/db/skill/?job=5,기준일 직전 설명·PvE 대상 검증 필요
lm_7f59556cf085dba5,투사,체인소드 마스터리,VERIFIED,UNKNOWN,NONE,BLOCKED,아니오,UNKNOWN,UNKNOWN,UNKNOWN,UNKNOWN,UNKNOWN,UNKNOWN,https://lineagem.inven.co.kr/db/skill/?job=5 | https://gallo44.tistory.com/78,기준일 직전 설명·PvE 대상 검증 필요
lm_42262935d6f53b07,투사,포우 슬레이어(임팩트),UNKNOWN,UNKNOWN,NONE,BLOCKED,아니오,UNKNOWN,UNKNOWN,UNKNOWN,UNKNOWN,UNKNOWN,UNKNOWN,https://lineagem.inven.co.kr/db/skill/?job=5,기준일 직전 설명·PvE 대상 검증 필요
lm_25e2ee8df708734b,투사,드래곤 마스터리(임팩트),UNKNOWN,UNKNOWN,NONE,BLOCKED,아니오,UNKNOWN,UNKNOWN,UNKNOWN,UNKNOWN,UNKNOWN,UNKNOWN,https://lineagem.inven.co.kr/db/skill/?job=5,기준일 직전 설명·PvE 대상 검증 필요
lm_54f3f3005084c9b5,투사,각성(린드비오르),UNKNOWN,UNKNOWN,NONE,BLOCKED,아니오,UNKNOWN,UNKNOWN,UNKNOWN,UNKNOWN,UNKNOWN,UNKNOWN,https://lineagem.inven.co.kr/db/skill/?job=5,기준일 직전 설명·PvE 대상 검증 필요
lm_740d399a2016e5fa,투사,각성(발라카스),VERIFIED,UNKNOWN,NONE,BLOCKED,아니오,UNKNOWN,UNKNOWN,UNKNOWN,UNKNOWN,UNKNOWN,UNKNOWN,https://lineagem.inven.co.kr/db/skill/?job=5 | https://m.inven.co.kr/board/lineagem/5019/587688,기준일 직전 설명·PvE 대상 검증 필요
lm_950747f329fd7417,투사,각성(안타라스),UNKNOWN,UNKNOWN,NONE,BLOCKED,아니오,UNKNOWN,UNKNOWN,UNKNOWN,UNKNOWN,UNKNOWN,UNKNOWN,https://lineagem.inven.co.kr/db/skill/?job=5,기준일 직전 설명·PvE 대상 검증 필요
lm_d02164db10f08afb,투사,각성(파푸리온),UNKNOWN,UNKNOWN,NONE,BLOCKED,아니오,UNKNOWN,UNKNOWN,UNKNOWN,UNKNOWN,UNKNOWN,UNKNOWN,https://lineagem.inven.co.kr/db/skill/?job=5,기준일 직전 설명·PvE 대상 검증 필요
lm_726f58f50a3c5ac2,투사,피어,VERIFIED,UNKNOWN,NONE,BLOCKED,아니오,UNKNOWN,UNKNOWN,UNKNOWN,UNKNOWN,UNKNOWN,UNKNOWN,https://lineagem.inven.co.kr/db/skill/?job=5 | https://gallo44.tistory.com/78,기준일 직전 설명·PvE 대상 검증 필요
lm_60683ca1046b7298,투사,가드 브레이크,UNKNOWN,UNKNOWN,NONE,BLOCKED,아니오,UNKNOWN,UNKNOWN,UNKNOWN,UNKNOWN,UNKNOWN,UNKNOWN,https://lineagem.inven.co.kr/db/skill/?job=5,기준일 직전 설명·PvE 대상 검증 필요
lm_57fedb578e5ba9de,투사,썬더 그랩,VERIFIED,UNKNOWN,CONNECTED,PARTIAL,아니오,일반,대상의 이동을 묶습니다.,30,UNKNOWN,UNKNOWN,CUSTOM_BALANCE,https://lineagem.inven.co.kr/db/skill/?job=5 | https://gallo44.tistory.com/78,기준일 직전 설명·PvE 대상 검증 필요
lm_bdfd5cf53a7822f7,투사,드래곤 마스터리,VERIFIED,UNKNOWN,NONE,BLOCKED,아니오,UNKNOWN,UNKNOWN,UNKNOWN,UNKNOWN,UNKNOWN,UNKNOWN,https://lineagem.inven.co.kr/db/skill/?job=5 | https://m.inven.co.kr/board/lineagem/5019/587688,기준일 직전 설명·PvE 대상 검증 필요
lm_e09c0121d8d471d6,투사,드래곤 아머,VERIFIED,UNKNOWN,NONE,BLOCKED,아니오,UNKNOWN,UNKNOWN,UNKNOWN,UNKNOWN,UNKNOWN,UNKNOWN,https://lineagem.inven.co.kr/db/skill/?job=5 | https://gallo44.tistory.com/78,기준일 직전 설명·PvE 대상 검증 필요
lm_070bcb26e0ad5068,투사,팬텀 체인,UNKNOWN,UNKNOWN,NONE,BLOCKED,아니오,UNKNOWN,UNKNOWN,UNKNOWN,UNKNOWN,UNKNOWN,UNKNOWN,https://lineagem.inven.co.kr/db/skill/?job=5,기준일 직전 설명·PvE 대상 검증 필요
lm_57753c632a433d78,투사,다크 슬래쉬,VERIFIED,UNKNOWN,NONE,BLOCKED,아니오,UNKNOWN,UNKNOWN,UNKNOWN,UNKNOWN,UNKNOWN,UNKNOWN,https://lineagem.inven.co.kr/db/skill/?job=5 | https://m.inven.co.kr/board/lineagem/5019/587688,기준일 직전 설명·PvE 대상 검증 필요
lm_7c3d9b7e89949fde,투사,체인 플레임,VERIFIED,UNKNOWN,NONE,BLOCKED,아니오,UNKNOWN,UNKNOWN,UNKNOWN,UNKNOWN,UNKNOWN,UNKNOWN,https://lineagem.inven.co.kr/db/skill/?job=5 | https://m.inven.co.kr/board/lineagem/5019/587688,기준일 직전 설명·PvE 대상 검증 필요
lm_a7f6a4e97d9cd292,투사,하트 시커,UNKNOWN,UNKNOWN,NONE,BLOCKED,아니오,UNKNOWN,UNKNOWN,UNKNOWN,UNKNOWN,UNKNOWN,UNKNOWN,https://lineagem.inven.co.kr/db/skill/?job=5,기준일 직전 설명·PvE 대상 검증 필요
lm_45d35daedfc527c9,투사,포우 슬레이어,VERIFIED,UNKNOWN,CONNECTED,PARTIAL,아니오,일반,같은 대상에게 세 번 연속 타격합니다.,30,UNKNOWN,UNKNOWN,CUSTOM_BALANCE,https://lineagem.inven.co.kr/db/skill/?job=5 | https://gallo44.tistory.com/78,기준일 직전 설명·PvE 대상 검증 필요
lm_7d4f31d336a3441f,투사,블러드 러스트,VERIFIED,UNKNOWN,CONNECTED,PARTIAL,아니오,일반,공격·이동·시전 속도를 높입니다.,30,UNKNOWN,UNKNOWN,CUSTOM_BALANCE,https://lineagem.inven.co.kr/db/skill/?job=5 | https://gallo44.tistory.com/78,기준일 직전 설명·PvE 대상 검증 필요
lm_4fcc0d04f33a751e,투사,스페셜 어택: 투사,UNKNOWN,UNKNOWN,NONE,BLOCKED,아니오,UNKNOWN,UNKNOWN,UNKNOWN,UNKNOWN,UNKNOWN,UNKNOWN,https://lineagem.inven.co.kr/db/skill/?job=5,기준일 직전 설명·PvE 대상 검증 필요
lm_ab9b6f1a69cde581,투사,디크리즈 웨이트,VERIFIED,UNKNOWN,NONE,BLOCKED,아니오,UNKNOWN,UNKNOWN,UNKNOWN,UNKNOWN,UNKNOWN,UNKNOWN,https://lineagem.inven.co.kr/db/skill/?job=5 | https://gallo44.tistory.com/78,기준일 직전 설명·PvE 대상 검증 필요
lm_59011ddd6541e16e,투사,디텍션,VERIFIED,UNKNOWN,NONE,BLOCKED,아니오,UNKNOWN,UNKNOWN,UNKNOWN,UNKNOWN,UNKNOWN,UNKNOWN,https://lineagem.inven.co.kr/db/skill/?job=5 | https://gallo44.tistory.com/78,기준일 직전 설명·PvE 대상 검증 필요
lm_66f69aa859cc615e,투사,라이트,VERIFIED,UNKNOWN,NONE,BLOCKED,아니오,UNKNOWN,UNKNOWN,UNKNOWN,UNKNOWN,UNKNOWN,UNKNOWN,https://lineagem.inven.co.kr/db/skill/?job=5 | https://gallo44.tistory.com/78,기준일 직전 설명·PvE 대상 검증 필요
lm_ddddb21139133091,투사,실드,VERIFIED,UNKNOWN,NONE,BLOCKED,예,UNKNOWN,UNKNOWN,UNKNOWN,UNKNOWN,UNKNOWN,UNKNOWN,https://lineagem.inven.co.kr/db/skill/?job=5 | https://gallo44.tistory.com/78,기준일 직전 설명·PvE 대상 검증 필요
lm_fe8cb4dbfdb5040d,투사,어스 재일,VERIFIED,UNKNOWN,NONE,BLOCKED,예,UNKNOWN,UNKNOWN,UNKNOWN,UNKNOWN,UNKNOWN,UNKNOWN,https://lineagem.inven.co.kr/db/skill/?job=5 | https://gallo44.tistory.com/78,기준일 직전 설명·PvE 대상 검증 필요
lm_d888c0ca4eac5d76,투사,에너지 볼트,VERIFIED,UNKNOWN,NONE,BLOCKED,예,UNKNOWN,UNKNOWN,UNKNOWN,UNKNOWN,UNKNOWN,UNKNOWN,https://lineagem.inven.co.kr/db/skill/?job=5 | https://gallo44.tistory.com/78,기준일 직전 설명·PvE 대상 검증 필요
lm_e7a027e139c18356,투사,큐어 포이즌,VERIFIED,UNKNOWN,NONE,BLOCKED,아니오,UNKNOWN,UNKNOWN,UNKNOWN,UNKNOWN,UNKNOWN,UNKNOWN,https://lineagem.inven.co.kr/db/skill/?job=5 | https://gallo44.tistory.com/78,기준일 직전 설명·PvE 대상 검증 필요
lm_54141cac3091ca67,투사,텔레포트,VERIFIED,UNKNOWN,NONE,BLOCKED,예,UNKNOWN,UNKNOWN,UNKNOWN,UNKNOWN,UNKNOWN,UNKNOWN,https://lineagem.inven.co.kr/db/skill/?job=5 | https://gallo44.tistory.com/78,기준일 직전 설명·PvE 대상 검증 필요
lm_4c13922aeaeb3c80,광전사,골든 플레이트,UNKNOWN,UNKNOWN,NONE,BLOCKED,아니오,UNKNOWN,UNKNOWN,UNKNOWN,UNKNOWN,UNKNOWN,UNKNOWN,https://lineagem.inven.co.kr/db/skill/?job=7,기준일 직전 설명·PvE 대상 검증 필요
lm_1cf6c1046ece9a2a,광전사,데몬 대시,UNKNOWN,UNKNOWN,NONE,BLOCKED,아니오,UNKNOWN,UNKNOWN,UNKNOWN,UNKNOWN,UNKNOWN,UNKNOWN,https://lineagem.inven.co.kr/db/skill/?job=7,기준일 직전 설명·PvE 대상 검증 필요
lm_d7fe6eb37a6e966a,광전사,서먼 언데드,UNKNOWN,UNKNOWN,NONE,BLOCKED,아니오,UNKNOWN,UNKNOWN,UNKNOWN,UNKNOWN,UNKNOWN,UNKNOWN,https://lineagem.inven.co.kr/db/skill/?job=7,기준일 직전 설명·PvE 대상 검증 필요
lm_38ffe78dfd15cd79,광전사,얼티밋 디그니티,UNKNOWN,UNKNOWN,NONE,BLOCKED,아니오,UNKNOWN,UNKNOWN,UNKNOWN,UNKNOWN,UNKNOWN,UNKNOWN,https://lineagem.inven.co.kr/db/skill/?job=7,기준일 직전 설명·PvE 대상 검증 필요
lm_bb31e3488447dceb,광전사,얼티밋 디텍션,UNKNOWN,UNKNOWN,NONE,BLOCKED,아니오,UNKNOWN,UNKNOWN,UNKNOWN,UNKNOWN,UNKNOWN,UNKNOWN,https://lineagem.inven.co.kr/db/skill/?job=7,기준일 직전 설명·PvE 대상 검증 필요
lm_f17958917ed6c73f,광전사,얼티밋 배리어,UNKNOWN,UNKNOWN,NONE,BLOCKED,아니오,UNKNOWN,UNKNOWN,UNKNOWN,UNKNOWN,UNKNOWN,UNKNOWN,https://lineagem.inven.co.kr/db/skill/?job=7,기준일 직전 설명·PvE 대상 검증 필요
lm_3097f99395490a43,광전사,얼티밋 스턴,UNKNOWN,UNKNOWN,NONE,BLOCKED,아니오,UNKNOWN,UNKNOWN,UNKNOWN,UNKNOWN,UNKNOWN,UNKNOWN,https://lineagem.inven.co.kr/db/skill/?job=7,기준일 직전 설명·PvE 대상 검증 필요
lm_a744123492c9f10e,광전사,타이탄 스턴,UNKNOWN,UNKNOWN,NONE,BLOCKED,아니오,UNKNOWN,UNKNOWN,UNKNOWN,UNKNOWN,UNKNOWN,UNKNOWN,https://lineagem.inven.co.kr/db/skill/?job=7,기준일 직전 설명·PvE 대상 검증 필요
lm_77f1a7f1516d1d08,광전사,가이아,UNKNOWN,UNKNOWN,NONE,BLOCKED,아니오,UNKNOWN,UNKNOWN,UNKNOWN,UNKNOWN,UNKNOWN,UNKNOWN,https://lineagem.inven.co.kr/db/skill/?job=7,기준일 직전 설명·PvE 대상 검증 필요
lm_ef7d291148b3f5a5,광전사,데스페라도(라이징),UNKNOWN,UNKNOWN,NONE,BLOCKED,아니오,UNKNOWN,UNKNOWN,UNKNOWN,UNKNOWN,UNKNOWN,UNKNOWN,https://lineagem.inven.co.kr/db/skill/?job=7,기준일 직전 설명·PvE 대상 검증 필요
lm_df3e7b28e75e3cd6,광전사,버닝 하트,UNKNOWN,UNKNOWN,NONE,BLOCKED,아니오,UNKNOWN,UNKNOWN,UNKNOWN,UNKNOWN,UNKNOWN,UNKNOWN,https://lineagem.inven.co.kr/db/skill/?job=7,기준일 직전 설명·PvE 대상 검증 필요
lm_74a47d7ff1589e14,광전사,버서커(라이징),UNKNOWN,UNKNOWN,NONE,BLOCKED,아니오,UNKNOWN,UNKNOWN,UNKNOWN,UNKNOWN,UNKNOWN,UNKNOWN,https://lineagem.inven.co.kr/db/skill/?job=7,기준일 직전 설명·PvE 대상 검증 필요
lm_33161671bb022567,광전사,헤라클레스,UNKNOWN,UNKNOWN,NONE,BLOCKED,아니오,UNKNOWN,UNKNOWN,UNKNOWN,UNKNOWN,UNKNOWN,UNKNOWN,https://lineagem.inven.co.kr/db/skill/?job=7,기준일 직전 설명·PvE 대상 검증 필요
lm_9973a84da80d79d9,광전사,버서커,UNKNOWN,UNKNOWN,NONE,BLOCKED,아니오,UNKNOWN,UNKNOWN,UNKNOWN,UNKNOWN,UNKNOWN,UNKNOWN,https://lineagem.inven.co.kr/db/skill/?job=7,기준일 직전 설명·PvE 대상 검증 필요
lm_3bae7c1a8feb5189,광전사,오버 파워,UNKNOWN,UNKNOWN,NONE,BLOCKED,아니오,UNKNOWN,UNKNOWN,UNKNOWN,UNKNOWN,UNKNOWN,UNKNOWN,https://lineagem.inven.co.kr/db/skill/?job=7,기준일 직전 설명·PvE 대상 검증 필요
lm_58505159dcc7cb3f,광전사,데스페라도,UNKNOWN,UNKNOWN,NONE,BLOCKED,아니오,UNKNOWN,UNKNOWN,UNKNOWN,UNKNOWN,UNKNOWN,UNKNOWN,https://lineagem.inven.co.kr/db/skill/?job=7,기준일 직전 설명·PvE 대상 검증 필요
lm_0ab40b1d04ef7ee6,광전사,차지(라이징),UNKNOWN,UNKNOWN,NONE,BLOCKED,아니오,UNKNOWN,UNKNOWN,UNKNOWN,UNKNOWN,UNKNOWN,UNKNOWN,https://lineagem.inven.co.kr/db/skill/?job=7,기준일 직전 설명·PvE 대상 검증 필요
lm_1ba195b0525b9283,광전사,크리티컬 크래쉬,UNKNOWN,UNKNOWN,NONE,BLOCKED,아니오,UNKNOWN,UNKNOWN,UNKNOWN,UNKNOWN,UNKNOWN,UNKNOWN,https://lineagem.inven.co.kr/db/skill/?job=7,기준일 직전 설명·PvE 대상 검증 필요
lm_be976c778c2d214f,광전사,타이탄(라이징),UNKNOWN,UNKNOWN,NONE,BLOCKED,아니오,UNKNOWN,UNKNOWN,UNKNOWN,UNKNOWN,UNKNOWN,UNKNOWN,https://lineagem.inven.co.kr/db/skill/?job=7,기준일 직전 설명·PvE 대상 검증 필요
lm_835bb6e25209ce5c,광전사,배쉬,UNKNOWN,UNKNOWN,NONE,BLOCKED,아니오,UNKNOWN,UNKNOWN,UNKNOWN,UNKNOWN,UNKNOWN,UNKNOWN,https://lineagem.inven.co.kr/db/skill/?job=7,기준일 직전 설명·PvE 대상 검증 필요
lm_3f2f6c46b0c0f14a,광전사,차지,VERIFIED,UNKNOWN,NONE,BLOCKED,아니오,UNKNOWN,UNKNOWN,UNKNOWN,UNKNOWN,UNKNOWN,UNKNOWN,https://lineagem.inven.co.kr/db/skill/?job=7 | https://gallo44.tistory.com/78,기준일 직전 설명·PvE 대상 검증 필요
lm_7349165dc65bbfb2,광전사,타이탄: 락,UNKNOWN,UNKNOWN,NONE,BLOCKED,아니오,UNKNOWN,UNKNOWN,UNKNOWN,UNKNOWN,UNKNOWN,UNKNOWN,https://lineagem.inven.co.kr/db/skill/?job=7,기준일 직전 설명·PvE 대상 검증 필요
lm_1daa02cc81953083,광전사,타이탄: 매직,VERIFIED,UNKNOWN,NONE,BLOCKED,아니오,UNKNOWN,UNKNOWN,UNKNOWN,UNKNOWN,UNKNOWN,UNKNOWN,https://lineagem.inven.co.kr/db/skill/?job=7 | https://gallo44.tistory.com/78,기준일 직전 설명·PvE 대상 검증 필요
lm_75e7ff056b16d11f,광전사,타이탄: 블릿,VERIFIED,UNKNOWN,NONE,BLOCKED,아니오,UNKNOWN,UNKNOWN,UNKNOWN,UNKNOWN,UNKNOWN,UNKNOWN,https://lineagem.inven.co.kr/db/skill/?job=7 | https://gallo44.tistory.com/78,기준일 직전 설명·PvE 대상 검증 필요
lm_57a74b2751e0c58d,광전사,토마호크,UNKNOWN,UNKNOWN,NONE,BLOCKED,아니오,UNKNOWN,UNKNOWN,UNKNOWN,UNKNOWN,UNKNOWN,UNKNOWN,https://lineagem.inven.co.kr/db/skill/?job=7,기준일 직전 설명·PvE 대상 검증 필요
lm_d84aa39cd10ef91c,광전사,익스플로전,UNKNOWN,UNKNOWN,NONE,BLOCKED,아니오,UNKNOWN,UNKNOWN,UNKNOWN,UNKNOWN,UNKNOWN,UNKNOWN,https://lineagem.inven.co.kr/db/skill/?job=7,기준일 직전 설명·PvE 대상 검증 필요
lm_9e4b6b4f6a19973e,광전사,기간틱(라이징),UNKNOWN,UNKNOWN,NONE,BLOCKED,아니오,UNKNOWN,UNKNOWN,UNKNOWN,UNKNOWN,UNKNOWN,UNKNOWN,https://lineagem.inven.co.kr/db/skill/?job=7,기준일 직전 설명·PvE 대상 검증 필요
lm_53156d9253e5ff70,광전사,기간틱,UNKNOWN,UNKNOWN,CONNECTED,PARTIAL,아니오,일반,조건을 만족하면 능력치를 적용합니다.,30,UNKNOWN,UNKNOWN,CUSTOM_BALANCE,https://lineagem.inven.co.kr/db/skill/?job=7,기준일 직전 설명·PvE 대상 검증 필요
lm_b0fcd0837af62d0e,광전사,애로우 가드,VERIFIED,UNKNOWN,CONNECTED,PARTIAL,아니오,일반,조건을 만족하면 능력치를 적용합니다.,30,UNKNOWN,UNKNOWN,CUSTOM_BALANCE,https://lineagem.inven.co.kr/db/skill/?job=7 | https://m.inven.co.kr/board/lineagem/5019/587688,기준일 직전 설명·PvE 대상 검증 필요
lm_44e63d3719e2f526,광전사,파워 그립,VERIFIED,UNKNOWN,CONNECTED,PARTIAL,아니오,일반,대상의 이동을 묶습니다.,30,UNKNOWN,UNKNOWN,CUSTOM_BALANCE,https://lineagem.inven.co.kr/db/skill/?job=7 | https://m.inven.co.kr/board/lineagem/5019/587688,기준일 직전 설명·PvE 대상 검증 필요
lm_651c26de0f8e3f68,광전사,샤우팅,UNKNOWN,UNKNOWN,NONE,BLOCKED,아니오,UNKNOWN,UNKNOWN,UNKNOWN,UNKNOWN,UNKNOWN,UNKNOWN,https://lineagem.inven.co.kr/db/skill/?job=7,기준일 직전 설명·PvE 대상 검증 필요
lm_adc2afbc940b5e29,광전사,아머 가드,UNKNOWN,UNKNOWN,NONE,BLOCKED,아니오,UNKNOWN,UNKNOWN,UNKNOWN,UNKNOWN,UNKNOWN,UNKNOWN,https://lineagem.inven.co.kr/db/skill/?job=7,기준일 직전 설명·PvE 대상 검증 필요
lm_2d97d266428fdb1c,광전사,워리어,UNKNOWN,UNKNOWN,NONE,BLOCKED,아니오,UNKNOWN,UNKNOWN,UNKNOWN,UNKNOWN,UNKNOWN,UNKNOWN,https://lineagem.inven.co.kr/db/skill/?job=7,기준일 직전 설명·PvE 대상 검증 필요
lm_5c1276215ede86a4,광전사,더블 포션,UNKNOWN,UNKNOWN,NONE,BLOCKED,아니오,UNKNOWN,UNKNOWN,UNKNOWN,UNKNOWN,UNKNOWN,UNKNOWN,https://lineagem.inven.co.kr/db/skill/?job=7,기준일 직전 설명·PvE 대상 검증 필요
lm_83696ff512cd6608,광전사,리프 어택,UNKNOWN,UNKNOWN,NONE,BLOCKED,아니오,UNKNOWN,UNKNOWN,UNKNOWN,UNKNOWN,UNKNOWN,UNKNOWN,https://lineagem.inven.co.kr/db/skill/?job=7,기준일 직전 설명·PvE 대상 검증 필요
lm_bc1b0d21e7d1f81a,광전사,프레셔,VERIFIED,UNKNOWN,NONE,BLOCKED,아니오,UNKNOWN,UNKNOWN,UNKNOWN,UNKNOWN,UNKNOWN,UNKNOWN,https://lineagem.inven.co.kr/db/skill/?job=7 | https://gallo44.tistory.com/78,기준일 직전 설명·PvE 대상 검증 필요
lm_c7ca41d471a6b497,광전사,퀵 스피드,VERIFIED,UNKNOWN,CONNECTED,PARTIAL,아니오,일반,조건을 만족하면 능력치를 적용합니다.,30,UNKNOWN,UNKNOWN,CUSTOM_BALANCE,https://lineagem.inven.co.kr/db/skill/?job=7 | https://gallo44.tistory.com/78,기준일 직전 설명·PvE 대상 검증 필요
lm_81e37c7492766bf3,광전사,파워 블러드,VERIFIED,UNKNOWN,NONE,BLOCKED,아니오,UNKNOWN,UNKNOWN,UNKNOWN,UNKNOWN,UNKNOWN,UNKNOWN,https://lineagem.inven.co.kr/db/skill/?job=7 | https://gallo44.tistory.com/78,기준일 직전 설명·PvE 대상 검증 필요
lm_d6a7b66062b34c0c,광전사,슬레이어,VERIFIED,UNKNOWN,NONE,BLOCKED,아니오,UNKNOWN,UNKNOWN,UNKNOWN,UNKNOWN,UNKNOWN,UNKNOWN,https://lineagem.inven.co.kr/db/skill/?job=7 | https://gallo44.tistory.com/78,기준일 직전 설명·PvE 대상 검증 필요
lm_a0a768c51a6b7838,광전사,크래쉬,VERIFIED,UNKNOWN,CONNECTED,PARTIAL,아니오,일반,공격 시 추가 피해를 입힙니다.,30,UNKNOWN,UNKNOWN,CUSTOM_BALANCE,https://lineagem.inven.co.kr/db/skill/?job=7 | https://m.inven.co.kr/board/lineagem/5019/587688,기준일 직전 설명·PvE 대상 검증 필요
lm_3e85ef069e985c91,광전사,하울,VERIFIED,UNKNOWN,CONNECTED,PARTIAL,아니오,일반,자신 주변에 충격 피해를 입힙니다.,30,UNKNOWN,UNKNOWN,CUSTOM_BALANCE,https://lineagem.inven.co.kr/db/skill/?job=7 | https://m.inven.co.kr/board/lineagem/5019/587688,기준일 직전 설명·PvE 대상 검증 필요
lm_f939896d69265145,광전사,스페셜 어택: 광전사(도끼),UNKNOWN,UNKNOWN,NONE,BLOCKED,아니오,UNKNOWN,UNKNOWN,UNKNOWN,UNKNOWN,UNKNOWN,UNKNOWN,https://lineagem.inven.co.kr/db/skill/?job=7,기준일 직전 설명·PvE 대상 검증 필요
lm_7ebc49ad7aa963ce,광전사,스페셜 어택: 광전사(창),UNKNOWN,UNKNOWN,NONE,BLOCKED,아니오,UNKNOWN,UNKNOWN,UNKNOWN,UNKNOWN,UNKNOWN,UNKNOWN,https://lineagem.inven.co.kr/db/skill/?job=7,기준일 직전 설명·PvE 대상 검증 필요
lm_8f68660557177d75,광전사,라이트,VERIFIED,UNKNOWN,NONE,BLOCKED,아니오,UNKNOWN,UNKNOWN,UNKNOWN,UNKNOWN,UNKNOWN,UNKNOWN,https://lineagem.inven.co.kr/db/skill/?job=7 | https://gallo44.tistory.com/78,기준일 직전 설명·PvE 대상 검증 필요
lm_f4b88eb7e57774c8,광전사,실드,VERIFIED,UNKNOWN,NONE,BLOCKED,예,UNKNOWN,UNKNOWN,UNKNOWN,UNKNOWN,UNKNOWN,UNKNOWN,https://lineagem.inven.co.kr/db/skill/?job=7 | https://gallo44.tistory.com/78,기준일 직전 설명·PvE 대상 검증 필요
lm_2ba92af6a73a1cfc,광전사,에너지 볼트,VERIFIED,UNKNOWN,NONE,BLOCKED,예,UNKNOWN,UNKNOWN,UNKNOWN,UNKNOWN,UNKNOWN,UNKNOWN,https://lineagem.inven.co.kr/db/skill/?job=7 | https://gallo44.tistory.com/78,기준일 직전 설명·PvE 대상 검증 필요
lm_545ef00088abc2de,광전사,텔레포트,VERIFIED,UNKNOWN,NONE,BLOCKED,예,UNKNOWN,UNKNOWN,UNKNOWN,UNKNOWN,UNKNOWN,UNKNOWN,https://lineagem.inven.co.kr/db/skill/?job=7 | https://gallo44.tistory.com/78,기준일 직전 설명·PvE 대상 검증 필요
lm_b763e0f8cefb924c,군주,데몬 대시,UNKNOWN,UNKNOWN,NONE,BLOCKED,아니오,UNKNOWN,UNKNOWN,UNKNOWN,UNKNOWN,UNKNOWN,UNKNOWN,https://lineagem.inven.co.kr/db/skill/?job=8,기준일 직전 설명·PvE 대상 검증 필요
lm_aaedc7ffd45fe452,군주,서먼 언데드,UNKNOWN,UNKNOWN,NONE,BLOCKED,아니오,UNKNOWN,UNKNOWN,UNKNOWN,UNKNOWN,UNKNOWN,UNKNOWN,https://lineagem.inven.co.kr/db/skill/?job=8,기준일 직전 설명·PvE 대상 검증 필요
lm_f8ae25d40f4f2eba,군주,얼티밋 디그니티,UNKNOWN,UNKNOWN,NONE,BLOCKED,아니오,UNKNOWN,UNKNOWN,UNKNOWN,UNKNOWN,UNKNOWN,UNKNOWN,https://lineagem.inven.co.kr/db/skill/?job=8,기준일 직전 설명·PvE 대상 검증 필요
lm_2d93cb517999e0d8,군주,얼티밋 디텍션,UNKNOWN,UNKNOWN,NONE,BLOCKED,아니오,UNKNOWN,UNKNOWN,UNKNOWN,UNKNOWN,UNKNOWN,UNKNOWN,https://lineagem.inven.co.kr/db/skill/?job=8,기준일 직전 설명·PvE 대상 검증 필요
lm_cf5951f8e40dd303,군주,얼티밋 배리어,UNKNOWN,UNKNOWN,NONE,BLOCKED,아니오,UNKNOWN,UNKNOWN,UNKNOWN,UNKNOWN,UNKNOWN,UNKNOWN,https://lineagem.inven.co.kr/db/skill/?job=8,기준일 직전 설명·PvE 대상 검증 필요
lm_a6d7e794d8c0a50c,군주,얼티밋 스턴,UNKNOWN,UNKNOWN,NONE,BLOCKED,아니오,UNKNOWN,UNKNOWN,UNKNOWN,UNKNOWN,UNKNOWN,UNKNOWN,https://lineagem.inven.co.kr/db/skill/?job=8,기준일 직전 설명·PvE 대상 검증 필요
lm_20b3ba5ffd1a26a1,군주,임페리얼 배리어,UNKNOWN,UNKNOWN,NONE,BLOCKED,아니오,UNKNOWN,UNKNOWN,UNKNOWN,UNKNOWN,UNKNOWN,UNKNOWN,https://lineagem.inven.co.kr/db/skill/?job=8,기준일 직전 설명·PvE 대상 검증 필요
lm_118e8fcbce796ace,군주,카이저,UNKNOWN,UNKNOWN,NONE,BLOCKED,아니오,UNKNOWN,UNKNOWN,UNKNOWN,UNKNOWN,UNKNOWN,UNKNOWN,https://lineagem.inven.co.kr/db/skill/?job=8,기준일 직전 설명·PvE 대상 검증 필요
lm_47bb65c0fa064512,군주,글로잉 오라 (3단계),UNKNOWN,UNKNOWN,NONE,BLOCKED,아니오,UNKNOWN,UNKNOWN,UNKNOWN,UNKNOWN,UNKNOWN,UNKNOWN,https://lineagem.inven.co.kr/db/skill/?job=8,기준일 직전 설명·PvE 대상 검증 필요
lm_fbc45e8f9ce39670,군주,어쏘리티,UNKNOWN,UNKNOWN,NONE,BLOCKED,아니오,UNKNOWN,UNKNOWN,UNKNOWN,UNKNOWN,UNKNOWN,UNKNOWN,https://lineagem.inven.co.kr/db/skill/?job=8,기준일 직전 설명·PvE 대상 검증 필요
lm_7da508e27b9f1235,군주,엑스칼리버(마스터),UNKNOWN,UNKNOWN,NONE,BLOCKED,아니오,UNKNOWN,UNKNOWN,UNKNOWN,UNKNOWN,UNKNOWN,UNKNOWN,https://lineagem.inven.co.kr/db/skill/?job=8,기준일 직전 설명·PvE 대상 검증 필요
lm_4bfd33c7b4339b07,군주,임페리얼 디펜스,UNKNOWN,UNKNOWN,NONE,BLOCKED,아니오,UNKNOWN,UNKNOWN,UNKNOWN,UNKNOWN,UNKNOWN,UNKNOWN,https://lineagem.inven.co.kr/db/skill/?job=8,기준일 직전 설명·PvE 대상 검증 필요
lm_b679440163d50c1d,군주,임페리얼 아머(마스터),UNKNOWN,UNKNOWN,NONE,BLOCKED,아니오,UNKNOWN,UNKNOWN,UNKNOWN,UNKNOWN,UNKNOWN,UNKNOWN,https://lineagem.inven.co.kr/db/skill/?job=8,기준일 직전 설명·PvE 대상 검증 필요
lm_ff965d0abcd91b99,군주,콜 클랜,UNKNOWN,UNKNOWN,NONE,BLOCKED,아니오,UNKNOWN,UNKNOWN,UNKNOWN,UNKNOWN,UNKNOWN,UNKNOWN,https://lineagem.inven.co.kr/db/skill/?job=8,기준일 직전 설명·PvE 대상 검증 필요
lm_d7fbcfa6a5ce8381,군주,프라임 오더,UNKNOWN,UNKNOWN,NONE,BLOCKED,아니오,UNKNOWN,UNKNOWN,UNKNOWN,UNKNOWN,UNKNOWN,UNKNOWN,https://lineagem.inven.co.kr/db/skill/?job=8,기준일 직전 설명·PvE 대상 검증 필요
lm_b9e5decfe11eb2aa,군주,브레이브 아머,VERIFIED,UNKNOWN,CONNECTED,PARTIAL,아니오,영웅,조건을 만족하면 능력치를 적용합니다.,60,UNKNOWN,UNKNOWN,CUSTOM_BALANCE,https://lineagem.inven.co.kr/db/skill/?job=8 | https://gallo44.tistory.com/78,기준일 직전 설명·PvE 대상 검증 필요
lm_7b282e3d7c672b8d,군주,트루 타겟 (마스터),VERIFIED,UNKNOWN,NONE,BLOCKED,아니오,UNKNOWN,UNKNOWN,UNKNOWN,UNKNOWN,UNKNOWN,UNKNOWN,https://lineagem.inven.co.kr/db/skill/?job=8 | https://gallo44.tistory.com/78,기준일 직전 설명·PvE 대상 검증 필요
lm_4be4f435be2cd3d2,군주,브레이브 멘탈(마스터),VERIFIED,UNKNOWN,NONE,BLOCKED,아니오,UNKNOWN,UNKNOWN,UNKNOWN,UNKNOWN,UNKNOWN,UNKNOWN,https://lineagem.inven.co.kr/db/skill/?job=8 | https://gallo44.tistory.com/78,기준일 직전 설명·PvE 대상 검증 필요
lm_02f61be31e7d1953,군주,브레이브 웨폰,VERIFIED,UNKNOWN,CONNECTED,PARTIAL,아니오,영웅,조건을 만족하면 능력치를 적용합니다.,60,UNKNOWN,UNKNOWN,CUSTOM_BALANCE,https://lineagem.inven.co.kr/db/skill/?job=8 | https://gallo44.tistory.com/78,기준일 직전 설명·PvE 대상 검증 필요
lm_4f90e0d7ce272c1f,군주,엑스칼리버,VERIFIED,UNKNOWN,CONNECTED,PARTIAL,아니오,영웅,검의 힘으로 적을 기절시키고 회피를 낮춥니다.,60,UNKNOWN,UNKNOWN,CUSTOM_BALANCE,https://lineagem.inven.co.kr/db/skill/?job=8 | https://gallo44.tistory.com/78,기준일 직전 설명·PvE 대상 검증 필요
lm_2fe93bd65ef993ec,군주,임페리얼 오더,UNKNOWN,UNKNOWN,NONE,BLOCKED,아니오,UNKNOWN,UNKNOWN,UNKNOWN,UNKNOWN,UNKNOWN,UNKNOWN,https://lineagem.inven.co.kr/db/skill/?job=8,기준일 직전 설명·PvE 대상 검증 필요
lm_cd78ab3abe724dd9,군주,브레이브 바이탈,VERIFIED,UNKNOWN,CONNECTED,PARTIAL,아니오,일반,조건을 만족하면 능력치를 적용합니다.,30,UNKNOWN,UNKNOWN,CUSTOM_BALANCE,https://lineagem.inven.co.kr/db/skill/?job=8 | https://m.inven.co.kr/board/lineagem/5019/587688,기준일 직전 설명·PvE 대상 검증 필요
lm_557685a136a4e076,군주,브레이브 크리티컬,VERIFIED,UNKNOWN,CONNECTED,PARTIAL,아니오,일반,조건을 만족하면 능력치를 적용합니다.,30,UNKNOWN,UNKNOWN,CUSTOM_BALANCE,https://lineagem.inven.co.kr/db/skill/?job=8 | https://m.inven.co.kr/board/lineagem/5019/587688,기준일 직전 설명·PvE 대상 검증 필요
lm_108a9e7e6add6cb2,군주,임페리얼 아머,UNKNOWN,UNKNOWN,NONE,BLOCKED,아니오,UNKNOWN,UNKNOWN,UNKNOWN,UNKNOWN,UNKNOWN,UNKNOWN,https://lineagem.inven.co.kr/db/skill/?job=8,기준일 직전 설명·PvE 대상 검증 필요
lm_8ea98ed82a3ecf7e,군주,컨트롤 오라,VERIFIED,UNKNOWN,NONE,BLOCKED,아니오,UNKNOWN,UNKNOWN,UNKNOWN,UNKNOWN,UNKNOWN,UNKNOWN,https://lineagem.inven.co.kr/db/skill/?job=8 | https://gallo44.tistory.com/78,기준일 직전 설명·PvE 대상 검증 필요
lm_027e64c9f1bac62b,군주,브레이브 스피드,VERIFIED,UNKNOWN,CONNECTED,PARTIAL,아니오,일반,조건을 만족하면 능력치를 적용합니다.,30,UNKNOWN,UNKNOWN,CUSTOM_BALANCE,https://lineagem.inven.co.kr/db/skill/?job=8 | https://m.inven.co.kr/board/lineagem/5019/587688,기준일 직전 설명·PvE 대상 검증 필요
lm_6705e8246fa704ce,군주,글로잉 오라 (2단계),UNKNOWN,UNKNOWN,NONE,BLOCKED,아니오,UNKNOWN,UNKNOWN,UNKNOWN,UNKNOWN,UNKNOWN,UNKNOWN,https://lineagem.inven.co.kr/db/skill/?job=8,기준일 직전 설명·PvE 대상 검증 필요
lm_9f340db69e8b2702,군주,브레이브 멘탈,VERIFIED,UNKNOWN,CONNECTED,PARTIAL,예,영웅,공격 시 확률적으로 1.5배 피해를 줍니다.,60,UNKNOWN,UNKNOWN,CUSTOM_BALANCE,https://lineagem.inven.co.kr/db/skill/?job=8 | https://lineagem.inven.co.kr/db/skill/2312,기준일 직전 설명·PvE 대상 검증 필요
lm_fb788df51db28781,군주,디그니티,UNKNOWN,UNKNOWN,NONE,BLOCKED,아니오,UNKNOWN,UNKNOWN,UNKNOWN,UNKNOWN,UNKNOWN,UNKNOWN,https://lineagem.inven.co.kr/db/skill/?job=8,기준일 직전 설명·PvE 대상 검증 필요
lm_67a562a21c491bd8,군주,글로잉 오라 (1단계),VERIFIED,UNKNOWN,CONNECTED,PARTIAL,아니오,일반,조건을 만족하면 능력치를 적용합니다.,30,UNKNOWN,UNKNOWN,CUSTOM_BALANCE,https://lineagem.inven.co.kr/db/skill/?job=8 | https://gallo44.tistory.com/78,기준일 직전 설명·PvE 대상 검증 필요
lm_df69f21b15205d14,군주,프라임 소드,UNKNOWN,UNKNOWN,NONE,BLOCKED,아니오,UNKNOWN,UNKNOWN,UNKNOWN,UNKNOWN,UNKNOWN,UNKNOWN,https://lineagem.inven.co.kr/db/skill/?job=8,기준일 직전 설명·PvE 대상 검증 필요
lm_01a72c68435c7fdb,군주,트루 타겟,VERIFIED,UNKNOWN,NONE,BLOCKED,아니오,UNKNOWN,UNKNOWN,UNKNOWN,UNKNOWN,UNKNOWN,UNKNOWN,https://lineagem.inven.co.kr/db/skill/?job=8 | https://gallo44.tistory.com/78,기준일 직전 설명·PvE 대상 검증 필요
lm_0e9613ea84a49d24,군주,스페셜 어택: 군주,UNKNOWN,UNKNOWN,NONE,BLOCKED,아니오,UNKNOWN,UNKNOWN,UNKNOWN,UNKNOWN,UNKNOWN,UNKNOWN,https://lineagem.inven.co.kr/db/skill/?job=8,기준일 직전 설명·PvE 대상 검증 필요
lm_6f35b9a4ea10fdda,군주,디크리즈 웨이트,VERIFIED,UNKNOWN,NONE,BLOCKED,아니오,UNKNOWN,UNKNOWN,UNKNOWN,UNKNOWN,UNKNOWN,UNKNOWN,https://lineagem.inven.co.kr/db/skill/?job=8 | https://gallo44.tistory.com/78,기준일 직전 설명·PvE 대상 검증 필요
lm_b2f791c9662ba809,군주,디텍션,VERIFIED,UNKNOWN,NONE,BLOCKED,아니오,UNKNOWN,UNKNOWN,UNKNOWN,UNKNOWN,UNKNOWN,UNKNOWN,https://lineagem.inven.co.kr/db/skill/?job=8 | https://gallo44.tistory.com/78,기준일 직전 설명·PvE 대상 검증 필요
lm_c56ab930ddc2544d,군주,라이트,VERIFIED,UNKNOWN,NONE,BLOCKED,아니오,UNKNOWN,UNKNOWN,UNKNOWN,UNKNOWN,UNKNOWN,UNKNOWN,https://lineagem.inven.co.kr/db/skill/?job=8 | https://gallo44.tistory.com/78,기준일 직전 설명·PvE 대상 검증 필요
lm_ead022a41d8277da,군주,실드,VERIFIED,UNKNOWN,NONE,BLOCKED,예,UNKNOWN,UNKNOWN,UNKNOWN,UNKNOWN,UNKNOWN,UNKNOWN,https://lineagem.inven.co.kr/db/skill/?job=8 | https://gallo44.tistory.com/78,기준일 직전 설명·PvE 대상 검증 필요
lm_d788374351a0e319,군주,어스 재일,VERIFIED,UNKNOWN,NONE,BLOCKED,예,UNKNOWN,UNKNOWN,UNKNOWN,UNKNOWN,UNKNOWN,UNKNOWN,https://lineagem.inven.co.kr/db/skill/?job=8 | https://gallo44.tistory.com/78,기준일 직전 설명·PvE 대상 검증 필요
lm_684bcef05aa8f79e,군주,에너지 볼트,VERIFIED,UNKNOWN,NONE,BLOCKED,예,UNKNOWN,UNKNOWN,UNKNOWN,UNKNOWN,UNKNOWN,UNKNOWN,https://lineagem.inven.co.kr/db/skill/?job=8 | https://gallo44.tistory.com/78,기준일 직전 설명·PvE 대상 검증 필요
lm_e4436c05d3f41304,군주,큐어 포이즌,VERIFIED,UNKNOWN,NONE,BLOCKED,아니오,UNKNOWN,UNKNOWN,UNKNOWN,UNKNOWN,UNKNOWN,UNKNOWN,https://lineagem.inven.co.kr/db/skill/?job=8 | https://gallo44.tistory.com/78,기준일 직전 설명·PvE 대상 검증 필요
lm_c79ffd4644670e25,군주,텔레포트,VERIFIED,UNKNOWN,NONE,BLOCKED,예,UNKNOWN,UNKNOWN,UNKNOWN,UNKNOWN,UNKNOWN,UNKNOWN,https://lineagem.inven.co.kr/db/skill/?job=8 | https://gallo44.tistory.com/78,기준일 직전 설명·PvE 대상 검증 필요
lm_75953a15ad117e9c,총사,데몬 대시,UNKNOWN,UNKNOWN,NONE,BLOCKED,아니오,UNKNOWN,UNKNOWN,UNKNOWN,UNKNOWN,UNKNOWN,UNKNOWN,https://lineagem.inven.co.kr/db/skill/?job=34,기준일 직전 설명·PvE 대상 검증 필요
lm_22200cabe52e4206,총사,데스 샷,VERIFIED,UNKNOWN,NONE,BLOCKED,아니오,UNKNOWN,UNKNOWN,UNKNOWN,UNKNOWN,UNKNOWN,UNKNOWN,https://lineagem.inven.co.kr/db/skill/?job=34 | https://mysmallplace.tistory.com/21,기준일 직전 설명·PvE 대상 검증 필요
lm_15846e2d78d22f7e,총사,서먼 언데드,UNKNOWN,UNKNOWN,NONE,BLOCKED,아니오,UNKNOWN,UNKNOWN,UNKNOWN,UNKNOWN,UNKNOWN,UNKNOWN,https://lineagem.inven.co.kr/db/skill/?job=34,기준일 직전 설명·PvE 대상 검증 필요
lm_792138a989c7885b,총사,얼티밋 디그니티,UNKNOWN,UNKNOWN,NONE,BLOCKED,아니오,UNKNOWN,UNKNOWN,UNKNOWN,UNKNOWN,UNKNOWN,UNKNOWN,https://lineagem.inven.co.kr/db/skill/?job=34,기준일 직전 설명·PvE 대상 검증 필요
lm_990dfb0805701959,총사,얼티밋 디텍션,UNKNOWN,UNKNOWN,NONE,BLOCKED,아니오,UNKNOWN,UNKNOWN,UNKNOWN,UNKNOWN,UNKNOWN,UNKNOWN,https://lineagem.inven.co.kr/db/skill/?job=34,기준일 직전 설명·PvE 대상 검증 필요
lm_8fcad05a5fd1b07d,총사,얼티밋 배리어,UNKNOWN,UNKNOWN,NONE,BLOCKED,아니오,UNKNOWN,UNKNOWN,UNKNOWN,UNKNOWN,UNKNOWN,UNKNOWN,https://lineagem.inven.co.kr/db/skill/?job=34,기준일 직전 설명·PvE 대상 검증 필요
lm_a26acf9aa1130117,총사,얼티밋 스턴,UNKNOWN,UNKNOWN,NONE,BLOCKED,아니오,UNKNOWN,UNKNOWN,UNKNOWN,UNKNOWN,UNKNOWN,UNKNOWN,https://lineagem.inven.co.kr/db/skill/?job=34,기준일 직전 설명·PvE 대상 검증 필요
lm_005811ccd5b0bf9f,총사,피스메이커,VERIFIED,UNKNOWN,NONE,BLOCKED,아니오,UNKNOWN,UNKNOWN,UNKNOWN,UNKNOWN,UNKNOWN,UNKNOWN,https://lineagem.inven.co.kr/db/skill/?job=34 | https://mysmallplace.tistory.com/21,기준일 직전 설명·PvE 대상 검증 필요
lm_1f2163bd83cc9488,총사,데우스 엑스 마키나,VERIFIED,UNKNOWN,NONE,BLOCKED,아니오,UNKNOWN,UNKNOWN,UNKNOWN,UNKNOWN,UNKNOWN,UNKNOWN,https://lineagem.inven.co.kr/db/skill/?job=34 | https://m.inven.co.kr/board/lineagem/5019/587688,기준일 직전 설명·PvE 대상 검증 필요
lm_a609bda49e9cd024,총사,레디 투 파이어,UNKNOWN,UNKNOWN,NONE,BLOCKED,아니오,UNKNOWN,UNKNOWN,UNKNOWN,UNKNOWN,UNKNOWN,UNKNOWN,https://lineagem.inven.co.kr/db/skill/?job=34,기준일 직전 설명·PvE 대상 검증 필요
lm_cb19edf88cec35f1,총사,브레이크 샷: 배리어,UNKNOWN,UNKNOWN,NONE,BLOCKED,아니오,UNKNOWN,UNKNOWN,UNKNOWN,UNKNOWN,UNKNOWN,UNKNOWN,https://lineagem.inven.co.kr/db/skill/?job=34,기준일 직전 설명·PvE 대상 검증 필요
lm_a1fef4b39eb76e4b,총사,브레이크 샷: 카운터,UNKNOWN,UNKNOWN,NONE,BLOCKED,아니오,UNKNOWN,UNKNOWN,UNKNOWN,UNKNOWN,UNKNOWN,UNKNOWN,https://lineagem.inven.co.kr/db/skill/?job=34,기준일 직전 설명·PvE 대상 검증 필요
lm_cff46bbe9a7bec26,총사,앱솔루트 제로,UNKNOWN,UNKNOWN,NONE,BLOCKED,아니오,UNKNOWN,UNKNOWN,UNKNOWN,UNKNOWN,UNKNOWN,UNKNOWN,https://lineagem.inven.co.kr/db/skill/?job=34,기준일 직전 설명·PvE 대상 검증 필요
lm_43fb4cc162143b4f,총사,마크스맨,UNKNOWN,UNKNOWN,NONE,BLOCKED,아니오,UNKNOWN,UNKNOWN,UNKNOWN,UNKNOWN,UNKNOWN,UNKNOWN,https://lineagem.inven.co.kr/db/skill/?job=34,기준일 직전 설명·PvE 대상 검증 필요
lm_75e17318aa0a627d,총사,매지컬 샷: 캔슬레이션,UNKNOWN,UNKNOWN,NONE,BLOCKED,아니오,UNKNOWN,UNKNOWN,UNKNOWN,UNKNOWN,UNKNOWN,UNKNOWN,https://lineagem.inven.co.kr/db/skill/?job=34,기준일 직전 설명·PvE 대상 검증 필요
lm_d50f184d3b9a80e1,총사,대시(트루퍼),UNKNOWN,UNKNOWN,NONE,BLOCKED,아니오,UNKNOWN,UNKNOWN,UNKNOWN,UNKNOWN,UNKNOWN,UNKNOWN,https://lineagem.inven.co.kr/db/skill/?job=34,기준일 직전 설명·PvE 대상 검증 필요
lm_1bd10f6b52bee014,총사,매지컬 샷: 스턴,UNKNOWN,UNKNOWN,NONE,BLOCKED,아니오,UNKNOWN,UNKNOWN,UNKNOWN,UNKNOWN,UNKNOWN,UNKNOWN,https://lineagem.inven.co.kr/db/skill/?job=34,기준일 직전 설명·PvE 대상 검증 필요
lm_0b76e3fea4400eae,총사,이머전시 케어,UNKNOWN,UNKNOWN,NONE,BLOCKED,아니오,UNKNOWN,UNKNOWN,UNKNOWN,UNKNOWN,UNKNOWN,UNKNOWN,https://lineagem.inven.co.kr/db/skill/?job=34,기준일 직전 설명·PvE 대상 검증 필요
lm_cbb1bb61130915bc,총사,클리어 샷,UNKNOWN,UNKNOWN,NONE,BLOCKED,아니오,UNKNOWN,UNKNOWN,UNKNOWN,UNKNOWN,UNKNOWN,UNKNOWN,https://lineagem.inven.co.kr/db/skill/?job=34,기준일 직전 설명·PvE 대상 검증 필요
lm_48b3298319aad89d,총사,그레시안 실드,UNKNOWN,UNKNOWN,NONE,BLOCKED,아니오,UNKNOWN,UNKNOWN,UNKNOWN,UNKNOWN,UNKNOWN,UNKNOWN,https://lineagem.inven.co.kr/db/skill/?job=34,기준일 직전 설명·PvE 대상 검증 필요
lm_486f5ed3d6327813,총사,래피드 샷(트루퍼),UNKNOWN,UNKNOWN,NONE,BLOCKED,아니오,UNKNOWN,UNKNOWN,UNKNOWN,UNKNOWN,UNKNOWN,UNKNOWN,https://lineagem.inven.co.kr/db/skill/?job=34,기준일 직전 설명·PvE 대상 검증 필요
lm_9c49087231f883c5,총사,매지컬 샷: 호러,UNKNOWN,UNKNOWN,NONE,BLOCKED,아니오,UNKNOWN,UNKNOWN,UNKNOWN,UNKNOWN,UNKNOWN,UNKNOWN,https://lineagem.inven.co.kr/db/skill/?job=34,기준일 직전 설명·PvE 대상 검증 필요
lm_8f0596b3d4032de2,총사,아머 피어싱,UNKNOWN,UNKNOWN,NONE,BLOCKED,아니오,UNKNOWN,UNKNOWN,UNKNOWN,UNKNOWN,UNKNOWN,UNKNOWN,https://lineagem.inven.co.kr/db/skill/?job=34,기준일 직전 설명·PvE 대상 검증 필요
lm_608b8fadfd54e94f,총사,차징 샷,UNKNOWN,UNKNOWN,NONE,BLOCKED,아니오,UNKNOWN,UNKNOWN,UNKNOWN,UNKNOWN,UNKNOWN,UNKNOWN,https://lineagem.inven.co.kr/db/skill/?job=34,기준일 직전 설명·PvE 대상 검증 필요
lm_b1825723b2a943da,총사,컴뱃 업(트루퍼),UNKNOWN,UNKNOWN,NONE,BLOCKED,아니오,UNKNOWN,UNKNOWN,UNKNOWN,UNKNOWN,UNKNOWN,UNKNOWN,https://lineagem.inven.co.kr/db/skill/?job=34,기준일 직전 설명·PvE 대상 검증 필요
lm_a5a948ff67a61b5d,총사,매지컬 샷: 그랩,UNKNOWN,UNKNOWN,NONE,BLOCKED,아니오,UNKNOWN,UNKNOWN,UNKNOWN,UNKNOWN,UNKNOWN,UNKNOWN,https://lineagem.inven.co.kr/db/skill/?job=34,기준일 직전 설명·PvE 대상 검증 필요
lm_1543cb34e4a0a805,총사,브레이크 샷,UNKNOWN,UNKNOWN,NONE,BLOCKED,아니오,UNKNOWN,UNKNOWN,UNKNOWN,UNKNOWN,UNKNOWN,UNKNOWN,https://lineagem.inven.co.kr/db/skill/?job=34,기준일 직전 설명·PvE 대상 검증 필요
lm_27fa74885baa46f1,총사,마나 업,UNKNOWN,UNKNOWN,NONE,BLOCKED,아니오,UNKNOWN,UNKNOWN,UNKNOWN,UNKNOWN,UNKNOWN,UNKNOWN,https://lineagem.inven.co.kr/db/skill/?job=34,기준일 직전 설명·PvE 대상 검증 필요
lm_07ff2cc2e23ab2e4,총사,매지컬 샷,UNKNOWN,UNKNOWN,NONE,BLOCKED,아니오,UNKNOWN,UNKNOWN,UNKNOWN,UNKNOWN,UNKNOWN,UNKNOWN,https://lineagem.inven.co.kr/db/skill/?job=34,기준일 직전 설명·PvE 대상 검증 필요
lm_ee68f222d3659b3d,총사,홀딩 포지션,VERIFIED,UNKNOWN,NONE,BLOCKED,아니오,UNKNOWN,UNKNOWN,UNKNOWN,UNKNOWN,UNKNOWN,UNKNOWN,https://lineagem.inven.co.kr/db/skill/?job=34 | https://m.inven.co.kr/board/lineagem/5019/587688,기준일 직전 설명·PvE 대상 검증 필요
lm_6e19a7d5eb0b5b38,총사,대시,UNKNOWN,UNKNOWN,NONE,BLOCKED,아니오,UNKNOWN,UNKNOWN,UNKNOWN,UNKNOWN,UNKNOWN,UNKNOWN,https://lineagem.inven.co.kr/db/skill/?job=34,기준일 직전 설명·PvE 대상 검증 필요
lm_df734ae6d238a6b4,총사,데스 스나이핑,UNKNOWN,UNKNOWN,NONE,BLOCKED,아니오,UNKNOWN,UNKNOWN,UNKNOWN,UNKNOWN,UNKNOWN,UNKNOWN,https://lineagem.inven.co.kr/db/skill/?job=34,기준일 직전 설명·PvE 대상 검증 필요
lm_d9352ea3eef7b9eb,총사,컴뱃 업,UNKNOWN,UNKNOWN,NONE,PVP_EXCLUDED,아니오,UNKNOWN,UNKNOWN,UNKNOWN,UNKNOWN,UNKNOWN,UNKNOWN,https://lineagem.inven.co.kr/db/skill/?job=34 | https://mysmallplace.tistory.com/21,2025-03 설명의 효과가 PvP 대미지 리덕션뿐임
lm_d96ea825d74ff90b,총사,셋팅 업,UNKNOWN,UNKNOWN,NONE,BLOCKED,아니오,UNKNOWN,UNKNOWN,UNKNOWN,UNKNOWN,UNKNOWN,UNKNOWN,https://lineagem.inven.co.kr/db/skill/?job=34,기준일 직전 설명·PvE 대상 검증 필요
lm_78adb9ff02d926d2,총사,스피드 마스터,VERIFIED,UNKNOWN,CONNECTED,PARTIAL,아니오,일반,이동 속도만 높입니다.,30,UNKNOWN,UNKNOWN,CUSTOM_BALANCE,https://lineagem.inven.co.kr/db/skill/?job=34 | https://mysmallplace.tistory.com/21,기준일 직전 설명·PvE 대상 검증 필요
lm_331b3c825fa68d84,총사,토탈 업,VERIFIED,UNKNOWN,NONE,BLOCKED,아니오,UNKNOWN,UNKNOWN,UNKNOWN,UNKNOWN,UNKNOWN,UNKNOWN,https://lineagem.inven.co.kr/db/skill/?job=34 | https://m.inven.co.kr/board/lineagem/5019/587688,기준일 직전 설명·PvE 대상 검증 필요
lm_b465cf4037a39b7c,총사,아이스 런처,VERIFIED,UNKNOWN,NONE,BLOCKED,아니오,UNKNOWN,UNKNOWN,UNKNOWN,UNKNOWN,UNKNOWN,UNKNOWN,https://lineagem.inven.co.kr/db/skill/?job=34 | https://mysmallplace.tistory.com/21,기준일 직전 설명·PvE 대상 검증 필요
lm_795059827558bc19,총사,래피드 샷,VERIFIED,UNKNOWN,CONNECTED,PARTIAL,아니오,일반,두 발의 총알을 빠르게 연사합니다.,30,UNKNOWN,UNKNOWN,CUSTOM_BALANCE,https://lineagem.inven.co.kr/db/skill/?job=34 | https://m.inven.co.kr/board/lineagem/5019/587688,기준일 직전 설명·PvE 대상 검증 필요
lm_9f4be293cf774c31,총사,마나 체인지,VERIFIED,UNKNOWN,CONNECTED,PARTIAL,아니오,일반,정제석을 소비하여 MP를 회복합니다.,30,UNKNOWN,UNKNOWN,CUSTOM_BALANCE,https://lineagem.inven.co.kr/db/skill/?job=34 | https://m.inven.co.kr/board/lineagem/5019/587688,기준일 직전 설명·PvE 대상 검증 필요
lm_de7dac57ada234bc,총사,멀티 샷,VERIFIED,UNKNOWN,NONE,BLOCKED,아니오,UNKNOWN,UNKNOWN,UNKNOWN,UNKNOWN,UNKNOWN,UNKNOWN,https://lineagem.inven.co.kr/db/skill/?job=34 | https://mysmallplace.tistory.com/21,기준일 직전 설명·PvE 대상 검증 필요
lm_eb466854d25eff0c,총사,패스트 무빙,UNKNOWN,UNKNOWN,NONE,BLOCKED,아니오,UNKNOWN,UNKNOWN,UNKNOWN,UNKNOWN,UNKNOWN,UNKNOWN,https://lineagem.inven.co.kr/db/skill/?job=34,기준일 직전 설명·PvE 대상 검증 필요
lm_2979ed7e920ffc24,총사,스페셜 어택: 총사,UNKNOWN,UNKNOWN,NONE,BLOCKED,아니오,UNKNOWN,UNKNOWN,UNKNOWN,UNKNOWN,UNKNOWN,UNKNOWN,https://lineagem.inven.co.kr/db/skill/?job=34,기준일 직전 설명·PvE 대상 검증 필요
lm_167db89d758c31b9,총사,디크리즈 웨이트,UNKNOWN,UNKNOWN,NONE,BLOCKED,아니오,UNKNOWN,UNKNOWN,UNKNOWN,UNKNOWN,UNKNOWN,UNKNOWN,https://lineagem.inven.co.kr/db/skill/?job=34,기준일 직전 설명·PvE 대상 검증 필요
lm_f6c35548325c3a11,총사,디텍션,UNKNOWN,UNKNOWN,NONE,BLOCKED,아니오,UNKNOWN,UNKNOWN,UNKNOWN,UNKNOWN,UNKNOWN,UNKNOWN,https://lineagem.inven.co.kr/db/skill/?job=34,기준일 직전 설명·PvE 대상 검증 필요
lm_e5b7ef2090c23efe,총사,라이트,UNKNOWN,UNKNOWN,NONE,BLOCKED,아니오,UNKNOWN,UNKNOWN,UNKNOWN,UNKNOWN,UNKNOWN,UNKNOWN,https://lineagem.inven.co.kr/db/skill/?job=34,기준일 직전 설명·PvE 대상 검증 필요
lm_1d95dba0dd7883b5,총사,실드,UNKNOWN,UNKNOWN,NONE,BLOCKED,예,UNKNOWN,UNKNOWN,UNKNOWN,UNKNOWN,UNKNOWN,UNKNOWN,https://lineagem.inven.co.kr/db/skill/?job=34,기준일 직전 설명·PvE 대상 검증 필요
lm_3c5b26a94fbe7543,총사,어스 재일,UNKNOWN,UNKNOWN,NONE,BLOCKED,예,UNKNOWN,UNKNOWN,UNKNOWN,UNKNOWN,UNKNOWN,UNKNOWN,https://lineagem.inven.co.kr/db/skill/?job=34,기준일 직전 설명·PvE 대상 검증 필요
lm_9900e0040d79a8a7,총사,에너지 볼트,UNKNOWN,UNKNOWN,NONE,BLOCKED,예,UNKNOWN,UNKNOWN,UNKNOWN,UNKNOWN,UNKNOWN,UNKNOWN,https://lineagem.inven.co.kr/db/skill/?job=34,기준일 직전 설명·PvE 대상 검증 필요
lm_e7005b1899684bba,총사,큐어 포이즌,UNKNOWN,UNKNOWN,NONE,BLOCKED,아니오,UNKNOWN,UNKNOWN,UNKNOWN,UNKNOWN,UNKNOWN,UNKNOWN,https://lineagem.inven.co.kr/db/skill/?job=34,기준일 직전 설명·PvE 대상 검증 필요
lm_36133faffcd391f4,총사,텔레포트,UNKNOWN,UNKNOWN,NONE,BLOCKED,예,UNKNOWN,UNKNOWN,UNKNOWN,UNKNOWN,UNKNOWN,UNKNOWN,https://lineagem.inven.co.kr/db/skill/?job=34,기준일 직전 설명·PvE 대상 검증 필요
lm_a8b9ed0071e376e6,암흑기사,데몬 대시,UNKNOWN,UNKNOWN,NONE,BLOCKED,아니오,UNKNOWN,UNKNOWN,UNKNOWN,UNKNOWN,UNKNOWN,UNKNOWN,https://lineagem.inven.co.kr/db/skill/?job=52,기준일 직전 설명·PvE 대상 검증 필요
lm_74bb8ad9edf26f82,암흑기사,서먼 언데드,UNKNOWN,UNKNOWN,NONE,BLOCKED,아니오,UNKNOWN,UNKNOWN,UNKNOWN,UNKNOWN,UNKNOWN,UNKNOWN,https://lineagem.inven.co.kr/db/skill/?job=52,기준일 직전 설명·PvE 대상 검증 필요
lm_9a9f8017bfd391ae,암흑기사,얼티밋 디그니티,UNKNOWN,UNKNOWN,NONE,BLOCKED,아니오,UNKNOWN,UNKNOWN,UNKNOWN,UNKNOWN,UNKNOWN,UNKNOWN,https://lineagem.inven.co.kr/db/skill/?job=52,기준일 직전 설명·PvE 대상 검증 필요
lm_92dcf458d76e0f0e,암흑기사,얼티밋 디텍션,UNKNOWN,UNKNOWN,NONE,BLOCKED,아니오,UNKNOWN,UNKNOWN,UNKNOWN,UNKNOWN,UNKNOWN,UNKNOWN,https://lineagem.inven.co.kr/db/skill/?job=52,기준일 직전 설명·PvE 대상 검증 필요
lm_ce65da0b1cd54088,암흑기사,얼티밋 배리어,UNKNOWN,UNKNOWN,NONE,BLOCKED,아니오,UNKNOWN,UNKNOWN,UNKNOWN,UNKNOWN,UNKNOWN,UNKNOWN,https://lineagem.inven.co.kr/db/skill/?job=52,기준일 직전 설명·PvE 대상 검증 필요
lm_f7b32c1106a471f1,암흑기사,얼티밋 스턴,UNKNOWN,UNKNOWN,NONE,BLOCKED,아니오,UNKNOWN,UNKNOWN,UNKNOWN,UNKNOWN,UNKNOWN,UNKNOWN,https://lineagem.inven.co.kr/db/skill/?job=52,기준일 직전 설명·PvE 대상 검증 필요
lm_55639aea1a173f2f,암흑기사,카운터 리벤지(다크로드),UNKNOWN,UNKNOWN,NONE,BLOCKED,아니오,UNKNOWN,UNKNOWN,UNKNOWN,UNKNOWN,UNKNOWN,UNKNOWN,https://lineagem.inven.co.kr/db/skill/?job=52,기준일 직전 설명·PvE 대상 검증 필요
lm_096abac2369747bf,암흑기사,칼립소,UNKNOWN,UNKNOWN,NONE,BLOCKED,아니오,UNKNOWN,UNKNOWN,UNKNOWN,UNKNOWN,UNKNOWN,UNKNOWN,https://lineagem.inven.co.kr/db/skill/?job=52,기준일 직전 설명·PvE 대상 검증 필요
lm_fb29de071cab17e1,암흑기사,다크 나이트(어벤져),UNKNOWN,UNKNOWN,NONE,BLOCKED,아니오,UNKNOWN,UNKNOWN,UNKNOWN,UNKNOWN,UNKNOWN,UNKNOWN,https://lineagem.inven.co.kr/db/skill/?job=52,기준일 직전 설명·PvE 대상 검증 필요
lm_820f03cc039cd707,암흑기사,다크 디멘션,UNKNOWN,UNKNOWN,NONE,BLOCKED,아니오,UNKNOWN,UNKNOWN,UNKNOWN,UNKNOWN,UNKNOWN,UNKNOWN,https://lineagem.inven.co.kr/db/skill/?job=52,기준일 직전 설명·PvE 대상 검증 필요
lm_ad85261667baaf3a,암흑기사,다크 미러(어벤져),UNKNOWN,UNKNOWN,NONE,BLOCKED,아니오,UNKNOWN,UNKNOWN,UNKNOWN,UNKNOWN,UNKNOWN,UNKNOWN,https://lineagem.inven.co.kr/db/skill/?job=52,기준일 직전 설명·PvE 대상 검증 필요
lm_c03e4d6ef62d6e71,암흑기사,다크 스턴(어벤져),UNKNOWN,UNKNOWN,NONE,BLOCKED,아니오,UNKNOWN,UNKNOWN,UNKNOWN,UNKNOWN,UNKNOWN,UNKNOWN,https://lineagem.inven.co.kr/db/skill/?job=52,기준일 직전 설명·PvE 대상 검증 필요
lm_dc69f6278236f339,암흑기사,도펠겡어 킹,VERIFIED,UNKNOWN,NONE,BLOCKED,아니오,UNKNOWN,UNKNOWN,UNKNOWN,UNKNOWN,UNKNOWN,UNKNOWN,https://lineagem.inven.co.kr/db/skill/?job=52 | https://m.inven.co.kr/board/lineagem/5019/587688,기준일 직전 설명·PvE 대상 검증 필요
lm_4c04d3bb6242b51e,암흑기사,디멘션 블레이드,UNKNOWN,UNKNOWN,NONE,BLOCKED,아니오,UNKNOWN,UNKNOWN,UNKNOWN,UNKNOWN,UNKNOWN,UNKNOWN,https://lineagem.inven.co.kr/db/skill/?job=52,기준일 직전 설명·PvE 대상 검증 필요
lm_1d4869dfef3c742b,암흑기사,보이드 필드(어벤져),UNKNOWN,UNKNOWN,NONE,BLOCKED,아니오,UNKNOWN,UNKNOWN,UNKNOWN,UNKNOWN,UNKNOWN,UNKNOWN,https://lineagem.inven.co.kr/db/skill/?job=52,기준일 직전 설명·PvE 대상 검증 필요
lm_a1f8afedc9267a52,암흑기사,할루시네이션,UNKNOWN,UNKNOWN,NONE,BLOCKED,아니오,UNKNOWN,UNKNOWN,UNKNOWN,UNKNOWN,UNKNOWN,UNKNOWN,https://lineagem.inven.co.kr/db/skill/?job=52,기준일 직전 설명·PvE 대상 검증 필요
lm_a7cef115d857f57d,암흑기사,보이드 필드,UNKNOWN,UNKNOWN,NONE,BLOCKED,아니오,UNKNOWN,UNKNOWN,UNKNOWN,UNKNOWN,UNKNOWN,UNKNOWN,https://lineagem.inven.co.kr/db/skill/?job=52,기준일 직전 설명·PvE 대상 검증 필요
lm_b1a134da8ffa4ad7,암흑기사,카운터 리벤지(어벤져),UNKNOWN,UNKNOWN,NONE,BLOCKED,아니오,UNKNOWN,UNKNOWN,UNKNOWN,UNKNOWN,UNKNOWN,UNKNOWN,https://lineagem.inven.co.kr/db/skill/?job=52,기준일 직전 설명·PvE 대상 검증 필요
lm_9cc9a36661026d6e,암흑기사,다크 블레이드(어벤져),UNKNOWN,UNKNOWN,NONE,BLOCKED,아니오,UNKNOWN,UNKNOWN,UNKNOWN,UNKNOWN,UNKNOWN,UNKNOWN,https://lineagem.inven.co.kr/db/skill/?job=52,기준일 직전 설명·PvE 대상 검증 필요
lm_18386fa9539f2799,암흑기사,다크 소울(어벤져),UNKNOWN,UNKNOWN,NONE,BLOCKED,아니오,UNKNOWN,UNKNOWN,UNKNOWN,UNKNOWN,UNKNOWN,UNKNOWN,https://lineagem.inven.co.kr/db/skill/?job=52,기준일 직전 설명·PvE 대상 검증 필요
lm_c4dfdf0c7e7285e4,암흑기사,다크 언데드,UNKNOWN,UNKNOWN,NONE,BLOCKED,아니오,UNKNOWN,UNKNOWN,UNKNOWN,UNKNOWN,UNKNOWN,UNKNOWN,https://lineagem.inven.co.kr/db/skill/?job=52,기준일 직전 설명·PvE 대상 검증 필요
lm_794dc5067f196b49,암흑기사,다크 프로텍션,UNKNOWN,UNKNOWN,NONE,BLOCKED,예,UNKNOWN,UNKNOWN,UNKNOWN,UNKNOWN,UNKNOWN,UNKNOWN,https://lineagem.inven.co.kr/db/skill/?job=52,기준일 직전 설명·PvE 대상 검증 필요
lm_f148f5b64a1d57b6,암흑기사,다크 벤전스,UNKNOWN,UNKNOWN,NONE,BLOCKED,아니오,UNKNOWN,UNKNOWN,UNKNOWN,UNKNOWN,UNKNOWN,UNKNOWN,https://lineagem.inven.co.kr/db/skill/?job=52,기준일 직전 설명·PvE 대상 검증 필요
lm_095a416759895d35,암흑기사,다크 아이,UNKNOWN,UNKNOWN,NONE,BLOCKED,아니오,UNKNOWN,UNKNOWN,UNKNOWN,UNKNOWN,UNKNOWN,UNKNOWN,https://lineagem.inven.co.kr/db/skill/?job=52,기준일 직전 설명·PvE 대상 검증 필요
lm_06c00a331cbb7075,암흑기사,다크 웨이브,UNKNOWN,UNKNOWN,NONE,BLOCKED,아니오,UNKNOWN,UNKNOWN,UNKNOWN,UNKNOWN,UNKNOWN,UNKNOWN,https://lineagem.inven.co.kr/db/skill/?job=52,기준일 직전 설명·PvE 대상 검증 필요
lm_f3e3300d0862d21a,암흑기사,다크 핸드,UNKNOWN,UNKNOWN,CONNECTED,PARTIAL,아니오,영웅,공포와 받는 피해 증가를 부여합니다.,60,UNKNOWN,UNKNOWN,CUSTOM_BALANCE,https://lineagem.inven.co.kr/db/skill/?job=52,기준일 직전 설명·PvE 대상 검증 필요
lm_898a1396425611d9,암흑기사,다크 가드,VERIFIED,UNKNOWN,CONNECTED,PARTIAL,아니오,일반,조건을 만족하면 능력치를 적용합니다.,30,UNKNOWN,UNKNOWN,CUSTOM_BALANCE,https://lineagem.inven.co.kr/db/skill/?job=52 | https://m.inven.co.kr/board/lineagem/5019/587688,기준일 직전 설명·PvE 대상 검증 필요
lm_fcaa1c7d9a31ed98,암흑기사,카운터 리벤지,UNKNOWN,UNKNOWN,NONE,BLOCKED,아니오,UNKNOWN,UNKNOWN,UNKNOWN,UNKNOWN,UNKNOWN,UNKNOWN,https://lineagem.inven.co.kr/db/skill/?job=52,기준일 직전 설명·PvE 대상 검증 필요
lm_b555ab5845aa6181,암흑기사,다크 미러,UNKNOWN,UNKNOWN,NONE,BLOCKED,아니오,UNKNOWN,UNKNOWN,UNKNOWN,UNKNOWN,UNKNOWN,UNKNOWN,https://lineagem.inven.co.kr/db/skill/?job=52,기준일 직전 설명·PvE 대상 검증 필요
lm_79c6d115ab78c4f0,암흑기사,다크 크리티컬,VERIFIED,UNKNOWN,CONNECTED,PARTIAL,아니오,일반,조건을 만족하면 능력치를 적용합니다.,30,UNKNOWN,UNKNOWN,CUSTOM_BALANCE,https://lineagem.inven.co.kr/db/skill/?job=52 | https://m.inven.co.kr/board/lineagem/5019/587688,기준일 직전 설명·PvE 대상 검증 필요
lm_08706dec751c5272,암흑기사,다크 스턴,UNKNOWN,UNKNOWN,CONNECTED,PARTIAL,아니오,일반,스턴과 마법 저항·리덕션 약화를 부여합니다.,30,UNKNOWN,UNKNOWN,CUSTOM_BALANCE,https://lineagem.inven.co.kr/db/skill/?job=52,기준일 직전 설명·PvE 대상 검증 필요
lm_bb653bb8ca9e587d,암흑기사,다크 아머,VERIFIED,UNKNOWN,CONNECTED,PARTIAL,아니오,일반,조건을 만족하면 능력치를 적용합니다.,30,UNKNOWN,UNKNOWN,CUSTOM_BALANCE,https://lineagem.inven.co.kr/db/skill/?job=52 | https://m.inven.co.kr/board/lineagem/5019/587688,기준일 직전 설명·PvE 대상 검증 필요
lm_4720dae1cb0d7ec5,암흑기사,다크 러쉬,UNKNOWN,UNKNOWN,NONE,BLOCKED,아니오,UNKNOWN,UNKNOWN,UNKNOWN,UNKNOWN,UNKNOWN,UNKNOWN,https://lineagem.inven.co.kr/db/skill/?job=52,기준일 직전 설명·PvE 대상 검증 필요
lm_14554e2b089c1de8,암흑기사,다크 임팩트,VERIFIED,UNKNOWN,NONE,BLOCKED,아니오,UNKNOWN,UNKNOWN,UNKNOWN,UNKNOWN,UNKNOWN,UNKNOWN,https://lineagem.inven.co.kr/db/skill/?job=52 | https://m.inven.co.kr/board/lineagem/5019/587688,기준일 직전 설명·PvE 대상 검증 필요
lm_a2f0f568f75821cf,암흑기사,스페셜 어택: 암흑기사,UNKNOWN,UNKNOWN,NONE,BLOCKED,아니오,UNKNOWN,UNKNOWN,UNKNOWN,UNKNOWN,UNKNOWN,UNKNOWN,https://lineagem.inven.co.kr/db/skill/?job=52,기준일 직전 설명·PvE 대상 검증 필요
lm_f2a3e56323442321,암흑기사,다크 나이트,UNKNOWN,UNKNOWN,NONE,BLOCKED,아니오,UNKNOWN,UNKNOWN,UNKNOWN,UNKNOWN,UNKNOWN,UNKNOWN,https://lineagem.inven.co.kr/db/skill/?job=52,기준일 직전 설명·PvE 대상 검증 필요
lm_b8bb611acf85f703,암흑기사,다크 블레이드,VERIFIED,UNKNOWN,NONE,BLOCKED,예,UNKNOWN,UNKNOWN,UNKNOWN,UNKNOWN,UNKNOWN,UNKNOWN,https://lineagem.inven.co.kr/db/skill/?job=52 | https://mysmallplace.tistory.com/10,기준일 직전 설명·PvE 대상 검증 필요
lm_82baa209008667a5,암흑기사,다크 소울,UNKNOWN,UNKNOWN,CONNECTED,PARTIAL,아니오,일반,몬스터 처치 시 HP와 MP를 회복합니다.,30,UNKNOWN,UNKNOWN,CUSTOM_BALANCE,https://lineagem.inven.co.kr/db/skill/?job=52,기준일 직전 설명·PvE 대상 검증 필요
lm_6f2a559660a4cd58,암흑기사,라이트,UNKNOWN,UNKNOWN,NONE,BLOCKED,아니오,UNKNOWN,UNKNOWN,UNKNOWN,UNKNOWN,UNKNOWN,UNKNOWN,https://lineagem.inven.co.kr/db/skill/?job=52,기준일 직전 설명·PvE 대상 검증 필요
lm_422c4f80a466172f,암흑기사,실드,UNKNOWN,UNKNOWN,NONE,BLOCKED,예,UNKNOWN,UNKNOWN,UNKNOWN,UNKNOWN,UNKNOWN,UNKNOWN,https://lineagem.inven.co.kr/db/skill/?job=52,기준일 직전 설명·PvE 대상 검증 필요
lm_0275e6e3d0bfe304,암흑기사,에너지 볼트,UNKNOWN,UNKNOWN,NONE,BLOCKED,예,UNKNOWN,UNKNOWN,UNKNOWN,UNKNOWN,UNKNOWN,UNKNOWN,https://lineagem.inven.co.kr/db/skill/?job=52,기준일 직전 설명·PvE 대상 검증 필요
lm_f633faf3848a73dc,암흑기사,텔레포트,UNKNOWN,UNKNOWN,NONE,BLOCKED,예,UNKNOWN,UNKNOWN,UNKNOWN,UNKNOWN,UNKNOWN,UNKNOWN,https://lineagem.inven.co.kr/db/skill/?job=52,기준일 직전 설명·PvE 대상 검증 필요
lm_8f62fb0ddee9032a,신성검사,데몬 대시,UNKNOWN,UNKNOWN,NONE,BLOCKED,아니오,UNKNOWN,UNKNOWN,UNKNOWN,UNKNOWN,UNKNOWN,UNKNOWN,https://lineagem.inven.co.kr/db/skill/?job=81,기준일 직전 설명·PvE 대상 검증 필요
lm_b97d179b6a52c044,신성검사,서먼 언데드,UNKNOWN,UNKNOWN,NONE,BLOCKED,아니오,UNKNOWN,UNKNOWN,UNKNOWN,UNKNOWN,UNKNOWN,UNKNOWN,https://lineagem.inven.co.kr/db/skill/?job=81,기준일 직전 설명·PvE 대상 검증 필요
lm_c431e3a9b58620a1,신성검사,세인트 퍼니셔,UNKNOWN,UNKNOWN,NONE,BLOCKED,아니오,UNKNOWN,UNKNOWN,UNKNOWN,UNKNOWN,UNKNOWN,UNKNOWN,https://lineagem.inven.co.kr/db/skill/?job=81,기준일 직전 설명·PvE 대상 검증 필요
lm_0cd548ce08c08dd7,신성검사,얼티밋 디그니티,UNKNOWN,UNKNOWN,NONE,BLOCKED,아니오,UNKNOWN,UNKNOWN,UNKNOWN,UNKNOWN,UNKNOWN,UNKNOWN,https://lineagem.inven.co.kr/db/skill/?job=81,기준일 직전 설명·PvE 대상 검증 필요
lm_3a09d00d82fa7a61,신성검사,얼티밋 디텍션,UNKNOWN,UNKNOWN,NONE,BLOCKED,아니오,UNKNOWN,UNKNOWN,UNKNOWN,UNKNOWN,UNKNOWN,UNKNOWN,https://lineagem.inven.co.kr/db/skill/?job=81,기준일 직전 설명·PvE 대상 검증 필요
lm_052905e6975c3d86,신성검사,얼티밋 배리어,UNKNOWN,UNKNOWN,NONE,BLOCKED,아니오,UNKNOWN,UNKNOWN,UNKNOWN,UNKNOWN,UNKNOWN,UNKNOWN,https://lineagem.inven.co.kr/db/skill/?job=81,기준일 직전 설명·PvE 대상 검증 필요
lm_746c02bf204a19e4,신성검사,얼티밋 스턴,UNKNOWN,UNKNOWN,NONE,BLOCKED,아니오,UNKNOWN,UNKNOWN,UNKNOWN,UNKNOWN,UNKNOWN,UNKNOWN,https://lineagem.inven.co.kr/db/skill/?job=81,기준일 직전 설명·PvE 대상 검증 필요
lm_539c3d4a2aa43d19,신성검사,인카네이션,UNKNOWN,UNKNOWN,NONE,BLOCKED,아니오,UNKNOWN,UNKNOWN,UNKNOWN,UNKNOWN,UNKNOWN,UNKNOWN,https://lineagem.inven.co.kr/db/skill/?job=81,기준일 직전 설명·PvE 대상 검증 필요
lm_668b71ca22612f9f,신성검사,매직 미러,UNKNOWN,UNKNOWN,NONE,BLOCKED,아니오,UNKNOWN,UNKNOWN,UNKNOWN,UNKNOWN,UNKNOWN,UNKNOWN,https://lineagem.inven.co.kr/db/skill/?job=81,기준일 직전 설명·PvE 대상 검증 필요
lm_71f7bfc9e4ba7e88,신성검사,세라핌,UNKNOWN,UNKNOWN,NONE,BLOCKED,아니오,UNKNOWN,UNKNOWN,UNKNOWN,UNKNOWN,UNKNOWN,UNKNOWN,https://lineagem.inven.co.kr/db/skill/?job=81,기준일 직전 설명·PvE 대상 검증 필요
lm_e22ca00297e62a02,신성검사,세인트 이뮨(디바인),UNKNOWN,UNKNOWN,NONE,BLOCKED,아니오,UNKNOWN,UNKNOWN,UNKNOWN,UNKNOWN,UNKNOWN,UNKNOWN,https://lineagem.inven.co.kr/db/skill/?job=81,기준일 직전 설명·PvE 대상 검증 필요
lm_add1deb3a7f0b34c,신성검사,세인트 카운터(디바인),UNKNOWN,UNKNOWN,NONE,BLOCKED,아니오,UNKNOWN,UNKNOWN,UNKNOWN,UNKNOWN,UNKNOWN,UNKNOWN,https://lineagem.inven.co.kr/db/skill/?job=81,기준일 직전 설명·PvE 대상 검증 필요
lm_950c60cd821d410c,신성검사,세인트 카운터(슈프림),VERIFIED,UNKNOWN,NONE,BLOCKED,아니오,UNKNOWN,UNKNOWN,UNKNOWN,UNKNOWN,UNKNOWN,UNKNOWN,https://lineagem.inven.co.kr/db/skill/?job=81 | https://m.inven.co.kr/board/lineagem/5019/587688,기준일 직전 설명·PvE 대상 검증 필요
lm_c189231565ddee4d,신성검사,인챈트 웨폰: 카오스Lv3,UNKNOWN,UNKNOWN,NONE,BLOCKED,아니오,UNKNOWN,UNKNOWN,UNKNOWN,UNKNOWN,UNKNOWN,UNKNOWN,https://lineagem.inven.co.kr/db/skill/?job=81,기준일 직전 설명·PvE 대상 검증 필요
lm_425f8d2b9e0854e3,신성검사,인챈트 웨폰: 크래쉬Lv3,VERIFIED,UNKNOWN,NONE,BLOCKED,아니오,UNKNOWN,UNKNOWN,UNKNOWN,UNKNOWN,UNKNOWN,UNKNOWN,https://lineagem.inven.co.kr/db/skill/?job=81 | https://gallo44.tistory.com/78,기준일 직전 설명·PvE 대상 검증 필요
lm_35d2b9f657ded45c,신성검사,유니티,UNKNOWN,UNKNOWN,NONE,BLOCKED,아니오,UNKNOWN,UNKNOWN,UNKNOWN,UNKNOWN,UNKNOWN,UNKNOWN,https://lineagem.inven.co.kr/db/skill/?job=81,기준일 직전 설명·PvE 대상 검증 필요
lm_674ca9e0ab1ef69d,신성검사,세인트 스턴(디바인),UNKNOWN,UNKNOWN,NONE,BLOCKED,아니오,UNKNOWN,UNKNOWN,UNKNOWN,UNKNOWN,UNKNOWN,UNKNOWN,https://lineagem.inven.co.kr/db/skill/?job=81,기준일 직전 설명·PvE 대상 검증 필요
lm_1f2e00e20f2bd60a,신성검사,세인트 체이서(디바인),UNKNOWN,UNKNOWN,NONE,BLOCKED,아니오,UNKNOWN,UNKNOWN,UNKNOWN,UNKNOWN,UNKNOWN,UNKNOWN,https://lineagem.inven.co.kr/db/skill/?job=81,기준일 직전 설명·PvE 대상 검증 필요
lm_fd214fb5f73574f6,신성검사,세인트 그레이스,VERIFIED,UNKNOWN,NONE,BLOCKED,아니오,UNKNOWN,UNKNOWN,UNKNOWN,UNKNOWN,UNKNOWN,UNKNOWN,https://lineagem.inven.co.kr/db/skill/?job=81 | https://gallo44.tistory.com/78,기준일 직전 설명·PvE 대상 검증 필요
lm_9c6e850215b89e81,신성검사,세인트 체이서,UNKNOWN,UNKNOWN,NONE,BLOCKED,아니오,UNKNOWN,UNKNOWN,UNKNOWN,UNKNOWN,UNKNOWN,UNKNOWN,https://lineagem.inven.co.kr/db/skill/?job=81,기준일 직전 설명·PvE 대상 검증 필요
lm_d26d5f352176f3ae,신성검사,세인트 크로스(디바인),UNKNOWN,UNKNOWN,NONE,BLOCKED,아니오,UNKNOWN,UNKNOWN,UNKNOWN,UNKNOWN,UNKNOWN,UNKNOWN,https://lineagem.inven.co.kr/db/skill/?job=81,기준일 직전 설명·PvE 대상 검증 필요
lm_cf05cca4ca308bb8,신성검사,인챈트 웨폰: 카오스Lv2,VERIFIED,UNKNOWN,NONE,BLOCKED,아니오,UNKNOWN,UNKNOWN,UNKNOWN,UNKNOWN,UNKNOWN,UNKNOWN,https://lineagem.inven.co.kr/db/skill/?job=81 | https://gallo44.tistory.com/78,기준일 직전 설명·PvE 대상 검증 필요
lm_1a059052879526c5,신성검사,인챈트 웨폰: 크래쉬Lv2,UNKNOWN,UNKNOWN,NONE,BLOCKED,아니오,UNKNOWN,UNKNOWN,UNKNOWN,UNKNOWN,UNKNOWN,UNKNOWN,https://lineagem.inven.co.kr/db/skill/?job=81,기준일 직전 설명·PvE 대상 검증 필요
lm_a0dc1fc93bc166a0,신성검사,저지먼트(디바인),UNKNOWN,UNKNOWN,NONE,BLOCKED,아니오,UNKNOWN,UNKNOWN,UNKNOWN,UNKNOWN,UNKNOWN,UNKNOWN,https://lineagem.inven.co.kr/db/skill/?job=81,기준일 직전 설명·PvE 대상 검증 필요
lm_4d801bcff76fbaa1,신성검사,세인트 브레이브,UNKNOWN,UNKNOWN,CONNECTED,PARTIAL,아니오,일반,조건을 만족하면 능력치를 적용합니다.,30,UNKNOWN,UNKNOWN,CUSTOM_BALANCE,https://lineagem.inven.co.kr/db/skill/?job=81,기준일 직전 설명·PvE 대상 검증 필요
lm_769d52b40f0e5825,신성검사,세인트 블로우(디바인),UNKNOWN,UNKNOWN,NONE,BLOCKED,아니오,UNKNOWN,UNKNOWN,UNKNOWN,UNKNOWN,UNKNOWN,UNKNOWN,https://lineagem.inven.co.kr/db/skill/?job=81,기준일 직전 설명·PvE 대상 검증 필요
lm_0ef5766bf957b4e2,신성검사,세인트 소드 마스터리,VERIFIED,UNKNOWN,NONE,BLOCKED,아니오,UNKNOWN,UNKNOWN,UNKNOWN,UNKNOWN,UNKNOWN,UNKNOWN,https://lineagem.inven.co.kr/db/skill/?job=81 | https://m.inven.co.kr/board/lineagem/5019/587688,기준일 직전 설명·PvE 대상 검증 필요
lm_6180fb91c86cccfc,신성검사,세인트 스턴,VERIFIED,UNKNOWN,CONNECTED,PARTIAL,아니오,일반,신성한 힘으로 대상을 기절시킵니다.,30,UNKNOWN,UNKNOWN,CUSTOM_BALANCE,https://lineagem.inven.co.kr/db/skill/?job=81 | https://gallo44.tistory.com/78,기준일 직전 설명·PvE 대상 검증 필요
lm_c7690ac123ae53f9,신성검사,세인트 컨퓨즈,UNKNOWN,UNKNOWN,NONE,BLOCKED,아니오,UNKNOWN,UNKNOWN,UNKNOWN,UNKNOWN,UNKNOWN,UNKNOWN,https://lineagem.inven.co.kr/db/skill/?job=81,기준일 직전 설명·PvE 대상 검증 필요
lm_76eda521b5c13a70,신성검사,타임 클리어,VERIFIED,UNKNOWN,NONE,BLOCKED,아니오,UNKNOWN,UNKNOWN,UNKNOWN,UNKNOWN,UNKNOWN,UNKNOWN,https://lineagem.inven.co.kr/db/skill/?job=81 | https://gallo44.tistory.com/78,기준일 직전 설명·PvE 대상 검증 필요
lm_1b64099d7f5fa562,신성검사,세인트 이뮨,UNKNOWN,UNKNOWN,CONNECTED,PARTIAL,아니오,영웅,받는 피해를 줄이고 홀드 저항을 높입니다.,60,UNKNOWN,UNKNOWN,CUSTOM_BALANCE,https://lineagem.inven.co.kr/db/skill/?job=81,기준일 직전 설명·PvE 대상 검증 필요
lm_31d891f045eaa3d9,신성검사,세인트 블레스,VERIFIED,UNKNOWN,NONE,BLOCKED,아니오,UNKNOWN,UNKNOWN,UNKNOWN,UNKNOWN,UNKNOWN,UNKNOWN,https://lineagem.inven.co.kr/db/skill/?job=81 | https://m.inven.co.kr/board/lineagem/5019/587688,기준일 직전 설명·PvE 대상 검증 필요
lm_b38eb4612fdc1013,신성검사,세인트 크로스,UNKNOWN,UNKNOWN,NONE,BLOCKED,아니오,UNKNOWN,UNKNOWN,UNKNOWN,UNKNOWN,UNKNOWN,UNKNOWN,https://lineagem.inven.co.kr/db/skill/?job=81,기준일 직전 설명·PvE 대상 검증 필요
lm_1f56e0b2accb39f2,신성검사,세인트 바이탈,UNKNOWN,UNKNOWN,CONNECTED,PARTIAL,아니오,일반,조건을 만족하면 능력치를 적용합니다.,30,UNKNOWN,UNKNOWN,CUSTOM_BALANCE,https://lineagem.inven.co.kr/db/skill/?job=81,기준일 직전 설명·PvE 대상 검증 필요
lm_8d30af9ce90c6e64,신성검사,세인트 홀리,VERIFIED,UNKNOWN,NONE,BLOCKED,아니오,UNKNOWN,UNKNOWN,UNKNOWN,UNKNOWN,UNKNOWN,UNKNOWN,https://lineagem.inven.co.kr/db/skill/?job=81 | https://m.inven.co.kr/board/lineagem/5019/587688,기준일 직전 설명·PvE 대상 검증 필요
lm_c19bd665639f9c99,신성검사,인챈트 웨폰: 카오스Lv1,VERIFIED,UNKNOWN,NONE,BLOCKED,아니오,UNKNOWN,UNKNOWN,UNKNOWN,UNKNOWN,UNKNOWN,UNKNOWN,https://lineagem.inven.co.kr/db/skill/?job=81 | https://gallo44.tistory.com/78,기준일 직전 설명·PvE 대상 검증 필요
lm_e4bdfbbc9c1e4b2a,신성검사,저지먼트,UNKNOWN,UNKNOWN,NONE,BLOCKED,아니오,UNKNOWN,UNKNOWN,UNKNOWN,UNKNOWN,UNKNOWN,UNKNOWN,https://lineagem.inven.co.kr/db/skill/?job=81,기준일 직전 설명·PvE 대상 검증 필요
lm_887c9c9f504606d8,신성검사,세인트 스톰,VERIFIED,UNKNOWN,NONE,BLOCKED,아니오,UNKNOWN,UNKNOWN,UNKNOWN,UNKNOWN,UNKNOWN,UNKNOWN,https://lineagem.inven.co.kr/db/skill/?job=81 | https://m.inven.co.kr/board/lineagem/5019/587688,기준일 직전 설명·PvE 대상 검증 필요
lm_7570a4c47ba87204,신성검사,인챈트 웨폰: 크래쉬Lv1,VERIFIED,UNKNOWN,NONE,BLOCKED,아니오,UNKNOWN,UNKNOWN,UNKNOWN,UNKNOWN,UNKNOWN,UNKNOWN,https://lineagem.inven.co.kr/db/skill/?job=81 | https://gallo44.tistory.com/78,기준일 직전 설명·PvE 대상 검증 필요
lm_8f4936fd890ce1c1,신성검사,스페셜 어택: 신성검사,UNKNOWN,UNKNOWN,NONE,BLOCKED,아니오,UNKNOWN,UNKNOWN,UNKNOWN,UNKNOWN,UNKNOWN,UNKNOWN,https://lineagem.inven.co.kr/db/skill/?job=81,기준일 직전 설명·PvE 대상 검증 필요
lm_ddab3218898bce5f,신성검사,세인트 블로우,VERIFIED,UNKNOWN,NONE,BLOCKED,예,UNKNOWN,UNKNOWN,UNKNOWN,UNKNOWN,UNKNOWN,UNKNOWN,https://lineagem.inven.co.kr/db/skill/?job=81 | https://gallo44.tistory.com/78,기준일 직전 설명·PvE 대상 검증 필요
lm_55a046509b2dc009,신성검사,세인트 카운터,VERIFIED,UNKNOWN,NONE,BLOCKED,아니오,UNKNOWN,UNKNOWN,UNKNOWN,UNKNOWN,UNKNOWN,UNKNOWN,https://lineagem.inven.co.kr/db/skill/?job=81 | https://gallo44.tistory.com/78,기준일 직전 설명·PvE 대상 검증 필요
lm_19d54859844b82b6,신성검사,디크리즈 웨이트,VERIFIED,UNKNOWN,NONE,BLOCKED,아니오,UNKNOWN,UNKNOWN,UNKNOWN,UNKNOWN,UNKNOWN,UNKNOWN,https://lineagem.inven.co.kr/db/skill/?job=81 | https://gallo44.tistory.com/78,기준일 직전 설명·PvE 대상 검증 필요
lm_ef4e90323e89eb15,신성검사,디텍션,VERIFIED,UNKNOWN,NONE,BLOCKED,아니오,UNKNOWN,UNKNOWN,UNKNOWN,UNKNOWN,UNKNOWN,UNKNOWN,https://lineagem.inven.co.kr/db/skill/?job=81 | https://gallo44.tistory.com/78,기준일 직전 설명·PvE 대상 검증 필요
lm_812a9d5cfbb2c67a,신성검사,라이트,VERIFIED,UNKNOWN,NONE,BLOCKED,아니오,UNKNOWN,UNKNOWN,UNKNOWN,UNKNOWN,UNKNOWN,UNKNOWN,https://lineagem.inven.co.kr/db/skill/?job=81 | https://gallo44.tistory.com/78,기준일 직전 설명·PvE 대상 검증 필요
lm_750704929587aa71,신성검사,메디테이션,VERIFIED,UNKNOWN,NONE,BLOCKED,아니오,UNKNOWN,UNKNOWN,UNKNOWN,UNKNOWN,UNKNOWN,UNKNOWN,https://lineagem.inven.co.kr/db/skill/?job=81 | https://gallo44.tistory.com/78,기준일 직전 설명·PvE 대상 검증 필요
lm_fe9770df0022dcdc,신성검사,블레스드 아머,VERIFIED,UNKNOWN,NONE,BLOCKED,아니오,UNKNOWN,UNKNOWN,UNKNOWN,UNKNOWN,UNKNOWN,UNKNOWN,https://lineagem.inven.co.kr/db/skill/?job=81 | https://gallo44.tistory.com/78,기준일 직전 설명·PvE 대상 검증 필요
lm_d284b2fe7d0b9978,신성검사,실드,VERIFIED,UNKNOWN,NONE,BLOCKED,예,UNKNOWN,UNKNOWN,UNKNOWN,UNKNOWN,UNKNOWN,UNKNOWN,https://lineagem.inven.co.kr/db/skill/?job=81 | https://gallo44.tistory.com/78,기준일 직전 설명·PvE 대상 검증 필요
lm_430264fa760504a4,신성검사,어스 재일,VERIFIED,UNKNOWN,NONE,BLOCKED,예,UNKNOWN,UNKNOWN,UNKNOWN,UNKNOWN,UNKNOWN,UNKNOWN,https://lineagem.inven.co.kr/db/skill/?job=81 | https://gallo44.tistory.com/78,기준일 직전 설명·PvE 대상 검증 필요
lm_5030b0a352e6afb7,신성검사,에너지 볼트,VERIFIED,UNKNOWN,NONE,BLOCKED,예,UNKNOWN,UNKNOWN,UNKNOWN,UNKNOWN,UNKNOWN,UNKNOWN,https://lineagem.inven.co.kr/db/skill/?job=81 | https://gallo44.tistory.com/78,기준일 직전 설명·PvE 대상 검증 필요
lm_d63b5ce776bd5bd4,신성검사,큐어 포이즌,VERIFIED,UNKNOWN,NONE,BLOCKED,아니오,UNKNOWN,UNKNOWN,UNKNOWN,UNKNOWN,UNKNOWN,UNKNOWN,https://lineagem.inven.co.kr/db/skill/?job=81 | https://gallo44.tistory.com/78,기준일 직전 설명·PvE 대상 검증 필요
lm_21e545f39a7b9bd2,신성검사,턴 언데드,VERIFIED,UNKNOWN,NONE,BLOCKED,예,UNKNOWN,UNKNOWN,UNKNOWN,UNKNOWN,UNKNOWN,UNKNOWN,https://lineagem.inven.co.kr/db/skill/?job=81 | https://gallo44.tistory.com/78,기준일 직전 설명·PvE 대상 검증 필요
lm_96695baf95062d0a,신성검사,텔레포트,VERIFIED,UNKNOWN,NONE,BLOCKED,예,UNKNOWN,UNKNOWN,UNKNOWN,UNKNOWN,UNKNOWN,UNKNOWN,https://lineagem.inven.co.kr/db/skill/?job=81 | https://gallo44.tistory.com/78,기준일 직전 설명·PvE 대상 검증 필요
lm_fc4ffef7cfc41d1c,신성검사,프로즌 클라우드,VERIFIED,UNKNOWN,NONE,BLOCKED,아니오,UNKNOWN,UNKNOWN,UNKNOWN,UNKNOWN,UNKNOWN,UNKNOWN,https://lineagem.inven.co.kr/db/skill/?job=81 | https://gallo44.tistory.com/78,기준일 직전 설명·PvE 대상 검증 필요
lm_10226a795b4b72ec,사신,데몬 대시,UNKNOWN,UNKNOWN,NONE,BLOCKED,아니오,UNKNOWN,UNKNOWN,UNKNOWN,UNKNOWN,UNKNOWN,UNKNOWN,https://lineagem.inven.co.kr/db/skill/?job=94,기준일 직전 설명·PvE 대상 검증 필요
lm_684a20fe657a70e9,사신,데스 브레이커,UNKNOWN,UNKNOWN,NONE,BLOCKED,아니오,UNKNOWN,UNKNOWN,UNKNOWN,UNKNOWN,UNKNOWN,UNKNOWN,https://lineagem.inven.co.kr/db/skill/?job=94,기준일 직전 설명·PvE 대상 검증 필요
lm_da042e543c9770f8,사신,서먼 언데드,UNKNOWN,UNKNOWN,NONE,BLOCKED,아니오,UNKNOWN,UNKNOWN,UNKNOWN,UNKNOWN,UNKNOWN,UNKNOWN,https://lineagem.inven.co.kr/db/skill/?job=94,기준일 직전 설명·PvE 대상 검증 필요
lm_be1bc15e3ed82bf9,사신,얼티밋 디그니티,UNKNOWN,UNKNOWN,NONE,BLOCKED,아니오,UNKNOWN,UNKNOWN,UNKNOWN,UNKNOWN,UNKNOWN,UNKNOWN,https://lineagem.inven.co.kr/db/skill/?job=94,기준일 직전 설명·PvE 대상 검증 필요
lm_37d03abae8ee1be7,사신,얼티밋 디텍션,UNKNOWN,UNKNOWN,NONE,BLOCKED,아니오,UNKNOWN,UNKNOWN,UNKNOWN,UNKNOWN,UNKNOWN,UNKNOWN,https://lineagem.inven.co.kr/db/skill/?job=94,기준일 직전 설명·PvE 대상 검증 필요
lm_6a9ffc00d799febc,사신,얼티밋 배리어,UNKNOWN,UNKNOWN,NONE,BLOCKED,아니오,UNKNOWN,UNKNOWN,UNKNOWN,UNKNOWN,UNKNOWN,UNKNOWN,https://lineagem.inven.co.kr/db/skill/?job=94,기준일 직전 설명·PvE 대상 검증 필요
lm_70ae43f12883ba5b,사신,얼티밋 스턴,UNKNOWN,UNKNOWN,NONE,BLOCKED,아니오,UNKNOWN,UNKNOWN,UNKNOWN,UNKNOWN,UNKNOWN,UNKNOWN,https://lineagem.inven.co.kr/db/skill/?job=94,기준일 직전 설명·PvE 대상 검증 필요
lm_95dda73ee68e32bf,사신,패러독스,UNKNOWN,UNKNOWN,NONE,BLOCKED,아니오,UNKNOWN,UNKNOWN,UNKNOWN,UNKNOWN,UNKNOWN,UNKNOWN,https://lineagem.inven.co.kr/db/skill/?job=94,기준일 직전 설명·PvE 대상 검증 필요
lm_e1981c3bdd0c8a16,사신,고스트 카운터(이클립스),UNKNOWN,UNKNOWN,NONE,BLOCKED,아니오,UNKNOWN,UNKNOWN,UNKNOWN,UNKNOWN,UNKNOWN,UNKNOWN,https://lineagem.inven.co.kr/db/skill/?job=94,기준일 직전 설명·PvE 대상 검증 필요
lm_802e3f13427ca5be,사신,그림 리퍼,VERIFIED,UNKNOWN,NONE,BLOCKED,아니오,UNKNOWN,UNKNOWN,UNKNOWN,UNKNOWN,UNKNOWN,UNKNOWN,https://lineagem.inven.co.kr/db/skill/?job=94 | https://m.inven.co.kr/board/lineagem/5019/587688,기준일 직전 설명·PvE 대상 검증 필요
lm_a83066f80fefde42,사신,데스 사이드(이클립스),UNKNOWN,UNKNOWN,NONE,BLOCKED,아니오,UNKNOWN,UNKNOWN,UNKNOWN,UNKNOWN,UNKNOWN,UNKNOWN,https://lineagem.inven.co.kr/db/skill/?job=94,기준일 직전 설명·PvE 대상 검증 필요
lm_c99349cba8669c16,사신,사이드 그랩(레퀴엠),UNKNOWN,UNKNOWN,NONE,BLOCKED,아니오,UNKNOWN,UNKNOWN,UNKNOWN,UNKNOWN,UNKNOWN,UNKNOWN,https://lineagem.inven.co.kr/db/skill/?job=94,기준일 직전 설명·PvE 대상 검증 필요
lm_e929596a77d0c954,사신,고스트 바디,UNKNOWN,UNKNOWN,NONE,BLOCKED,아니오,UNKNOWN,UNKNOWN,UNKNOWN,UNKNOWN,UNKNOWN,UNKNOWN,https://lineagem.inven.co.kr/db/skill/?job=94,기준일 직전 설명·PvE 대상 검증 필요
lm_612ab82a9ad5f195,사신,고스트 이베이젼(레퀴엠),UNKNOWN,UNKNOWN,NONE,BLOCKED,아니오,UNKNOWN,UNKNOWN,UNKNOWN,UNKNOWN,UNKNOWN,UNKNOWN,https://lineagem.inven.co.kr/db/skill/?job=94,기준일 직전 설명·PvE 대상 검증 필요
lm_5788458b3ac84d46,사신,데스 스턴(레퀴엠),UNKNOWN,UNKNOWN,NONE,BLOCKED,아니오,UNKNOWN,UNKNOWN,UNKNOWN,UNKNOWN,UNKNOWN,UNKNOWN,https://lineagem.inven.co.kr/db/skill/?job=94,기준일 직전 설명·PvE 대상 검증 필요
lm_695106ba46f54485,사신,고스트 카운터(레퀴엠),UNKNOWN,UNKNOWN,NONE,BLOCKED,아니오,UNKNOWN,UNKNOWN,UNKNOWN,UNKNOWN,UNKNOWN,UNKNOWN,https://lineagem.inven.co.kr/db/skill/?job=94,기준일 직전 설명·PvE 대상 검증 필요
lm_b2abf1169163e9f0,사신,데스 크리티컬(레퀴엠),UNKNOWN,UNKNOWN,NONE,BLOCKED,아니오,UNKNOWN,UNKNOWN,UNKNOWN,UNKNOWN,UNKNOWN,UNKNOWN,https://lineagem.inven.co.kr/db/skill/?job=94,기준일 직전 설명·PvE 대상 검증 필요
lm_fb03b0df54bcc634,사신,파이널 데스,UNKNOWN,UNKNOWN,NONE,BLOCKED,아니오,UNKNOWN,UNKNOWN,UNKNOWN,UNKNOWN,UNKNOWN,UNKNOWN,https://lineagem.inven.co.kr/db/skill/?job=94,기준일 직전 설명·PvE 대상 검증 필요
lm_8d7705a66e084721,사신,고스트 아머(레퀴엠),UNKNOWN,UNKNOWN,NONE,BLOCKED,아니오,UNKNOWN,UNKNOWN,UNKNOWN,UNKNOWN,UNKNOWN,UNKNOWN,https://lineagem.inven.co.kr/db/skill/?job=94,기준일 직전 설명·PvE 대상 검증 필요
lm_5cb38aaa7ff57b30,사신,데스 노트,UNKNOWN,UNKNOWN,NONE,BLOCKED,아니오,UNKNOWN,UNKNOWN,UNKNOWN,UNKNOWN,UNKNOWN,UNKNOWN,https://lineagem.inven.co.kr/db/skill/?job=94,기준일 직전 설명·PvE 대상 검증 필요
lm_8187ff2de29d3853,사신,데스 핸드,UNKNOWN,UNKNOWN,CONNECTED,PARTIAL,아니오,영웅,대상에 공포와 받는 피해 증가를 부여합니다.,60,UNKNOWN,UNKNOWN,CUSTOM_BALANCE,https://lineagem.inven.co.kr/db/skill/?job=94,기준일 직전 설명·PvE 대상 검증 필요
lm_ad6488f0cedbc544,사신,사이드 그랩,UNKNOWN,UNKNOWN,CONNECTED,PARTIAL,아니오,영웅,대상의 이동을 봉쇄합니다.,60,UNKNOWN,UNKNOWN,CUSTOM_BALANCE,https://lineagem.inven.co.kr/db/skill/?job=94,기준일 직전 설명·PvE 대상 검증 필요
lm_d5e65d5b08cf6362,사신,제노사이드(레퀴엠),UNKNOWN,UNKNOWN,NONE,BLOCKED,아니오,UNKNOWN,UNKNOWN,UNKNOWN,UNKNOWN,UNKNOWN,UNKNOWN,https://lineagem.inven.co.kr/db/skill/?job=94,기준일 직전 설명·PvE 대상 검증 필요
lm_283a4ddb0f94cd88,사신,데스 레이븐,VERIFIED,UNKNOWN,NONE,BLOCKED,아니오,UNKNOWN,UNKNOWN,UNKNOWN,UNKNOWN,UNKNOWN,UNKNOWN,https://lineagem.inven.co.kr/db/skill/?job=94 | https://about.ncsoft.com/news/article/lineagem-update-240313,기준일 직전 설명·PvE 대상 검증 필요
lm_ff4242cd252ae41f,사신,데스 사이드(레퀴엠),UNKNOWN,UNKNOWN,NONE,BLOCKED,아니오,UNKNOWN,UNKNOWN,UNKNOWN,UNKNOWN,UNKNOWN,UNKNOWN,https://lineagem.inven.co.kr/db/skill/?job=94,기준일 직전 설명·PvE 대상 검증 필요
lm_7be766a6d31b4ac1,사신,고스트 바이탈,UNKNOWN,UNKNOWN,CONNECTED,PARTIAL,아니오,일반,조건을 만족하면 능력치를 적용합니다.,30,UNKNOWN,UNKNOWN,CUSTOM_BALANCE,https://lineagem.inven.co.kr/db/skill/?job=94,기준일 직전 설명·PvE 대상 검증 필요
lm_0f572c008c5be944,사신,고스트 이베이젼,UNKNOWN,UNKNOWN,CONNECTED,PARTIAL,아니오,일반,조건을 만족하면 능력치를 적용합니다.,30,UNKNOWN,UNKNOWN,CUSTOM_BALANCE,https://lineagem.inven.co.kr/db/skill/?job=94,기준일 직전 설명·PvE 대상 검증 필요
lm_97ac308617693acd,사신,데스 스턴,UNKNOWN,UNKNOWN,NONE,BLOCKED,아니오,UNKNOWN,UNKNOWN,UNKNOWN,UNKNOWN,UNKNOWN,UNKNOWN,https://lineagem.inven.co.kr/db/skill/?job=94,기준일 직전 설명·PvE 대상 검증 필요
lm_86d332ddfb0de110,사신,데스 크리티컬,UNKNOWN,UNKNOWN,CONNECTED,PARTIAL,아니오,일반,조건을 만족하면 능력치를 적용합니다.,30,UNKNOWN,UNKNOWN,CUSTOM_BALANCE,https://lineagem.inven.co.kr/db/skill/?job=94,기준일 직전 설명·PvE 대상 검증 필요
lm_3e5424f01c684afd,사신,데스 파인더,UNKNOWN,UNKNOWN,NONE,BLOCKED,아니오,UNKNOWN,UNKNOWN,UNKNOWN,UNKNOWN,UNKNOWN,UNKNOWN,https://lineagem.inven.co.kr/db/skill/?job=94,기준일 직전 설명·PvE 대상 검증 필요
lm_622135823648cff1,사신,사이드 마스터리,VERIFIED,UNKNOWN,NONE,BLOCKED,아니오,UNKNOWN,UNKNOWN,UNKNOWN,UNKNOWN,UNKNOWN,UNKNOWN,https://lineagem.inven.co.kr/db/skill/?job=94 | https://m.inven.co.kr/board/lineagem/5019/587688,기준일 직전 설명·PvE 대상 검증 필요
lm_8c73d4187687783d,사신,고스트 렐릭,UNKNOWN,UNKNOWN,NONE,BLOCKED,아니오,UNKNOWN,UNKNOWN,UNKNOWN,UNKNOWN,UNKNOWN,UNKNOWN,https://lineagem.inven.co.kr/db/skill/?job=94,기준일 직전 설명·PvE 대상 검증 필요
lm_b43783fa9a7b43ab,사신,고스트 마리오네트,UNKNOWN,UNKNOWN,NONE,BLOCKED,아니오,UNKNOWN,UNKNOWN,UNKNOWN,UNKNOWN,UNKNOWN,UNKNOWN,https://lineagem.inven.co.kr/db/skill/?job=94,기준일 직전 설명·PvE 대상 검증 필요
lm_d1609a762a683c07,사신,고스트 셰이프,UNKNOWN,UNKNOWN,NONE,BLOCKED,아니오,UNKNOWN,UNKNOWN,UNKNOWN,UNKNOWN,UNKNOWN,UNKNOWN,https://lineagem.inven.co.kr/db/skill/?job=94,기준일 직전 설명·PvE 대상 검증 필요
lm_5b6eb288500f37f2,사신,고스트 아머,UNKNOWN,UNKNOWN,NONE,BLOCKED,아니오,UNKNOWN,UNKNOWN,UNKNOWN,UNKNOWN,UNKNOWN,UNKNOWN,https://lineagem.inven.co.kr/db/skill/?job=94,기준일 직전 설명·PvE 대상 검증 필요
lm_1b1caf844176779f,사신,데스 블로우,UNKNOWN,UNKNOWN,NONE,BLOCKED,아니오,UNKNOWN,UNKNOWN,UNKNOWN,UNKNOWN,UNKNOWN,UNKNOWN,https://lineagem.inven.co.kr/db/skill/?job=94,기준일 직전 설명·PvE 대상 검증 필요
lm_a67dae07b4f0608a,사신,헬 사이드,VERIFIED,UNKNOWN,CONNECTED,PARTIAL,아니오,일반,주변을 낫으로 베어 범위 피해를 입힙니다.,30,UNKNOWN,UNKNOWN,CUSTOM_BALANCE,https://lineagem.inven.co.kr/db/skill/?job=94 | https://m.inven.co.kr/board/lineagem/5019/587688,기준일 직전 설명·PvE 대상 검증 필요
lm_4613364da7decaa5,사신,고스트 스텝,UNKNOWN,UNKNOWN,NONE,BLOCKED,아니오,UNKNOWN,UNKNOWN,UNKNOWN,UNKNOWN,UNKNOWN,UNKNOWN,https://lineagem.inven.co.kr/db/skill/?job=94,기준일 직전 설명·PvE 대상 검증 필요
lm_5f7cdee0e52d885d,사신,고스트 웨폰,VERIFIED,UNKNOWN,NONE,BLOCKED,아니오,UNKNOWN,UNKNOWN,UNKNOWN,UNKNOWN,UNKNOWN,UNKNOWN,https://lineagem.inven.co.kr/db/skill/?job=94 | https://m.inven.co.kr/board/lineagem/5019/587688,기준일 직전 설명·PvE 대상 검증 필요
lm_8eab21d817176a36,사신,고스트 카운터,UNKNOWN,UNKNOWN,NONE,BLOCKED,아니오,UNKNOWN,UNKNOWN,UNKNOWN,UNKNOWN,UNKNOWN,UNKNOWN,https://lineagem.inven.co.kr/db/skill/?job=94,기준일 직전 설명·PvE 대상 검증 필요
lm_d1a85a369ec8ac79,사신,스페셜 어택: 사신,UNKNOWN,UNKNOWN,NONE,BLOCKED,아니오,UNKNOWN,UNKNOWN,UNKNOWN,UNKNOWN,UNKNOWN,UNKNOWN,https://lineagem.inven.co.kr/db/skill/?job=94,기준일 직전 설명·PvE 대상 검증 필요
lm_635137acb0e7d71b,사신,데스 리퍼,VERIFIED,UNKNOWN,NONE,BLOCKED,아니오,UNKNOWN,UNKNOWN,UNKNOWN,UNKNOWN,UNKNOWN,UNKNOWN,https://lineagem.inven.co.kr/db/skill/?job=94 | https://m.inven.co.kr/board/lineagem/5019/587688,기준일 직전 설명·PvE 대상 검증 필요
lm_42a06687ed489c4c,사신,데스 사이드,VERIFIED,UNKNOWN,NONE,BLOCKED,예,UNKNOWN,UNKNOWN,UNKNOWN,UNKNOWN,UNKNOWN,UNKNOWN,https://lineagem.inven.co.kr/db/skill/?job=94 | https://lineagem.inven.co.kr/db/skill/62834,기준일 직전 설명·PvE 대상 검증 필요
lm_e3a5b72d38720e91,사신,제노사이드,VERIFIED,UNKNOWN,NONE,BLOCKED,아니오,UNKNOWN,UNKNOWN,UNKNOWN,UNKNOWN,UNKNOWN,UNKNOWN,https://lineagem.inven.co.kr/db/skill/?job=94 | https://mysmallplace.tistory.com/15,기준일 직전 설명·PvE 대상 검증 필요
lm_7cf7d2d00ebee0ed,사신,디크리즈 웨이트,UNKNOWN,UNKNOWN,NONE,BLOCKED,아니오,UNKNOWN,UNKNOWN,UNKNOWN,UNKNOWN,UNKNOWN,UNKNOWN,https://lineagem.inven.co.kr/db/skill/?job=94,기준일 직전 설명·PvE 대상 검증 필요
lm_1c105ecf063a988e,사신,디텍션,UNKNOWN,UNKNOWN,NONE,BLOCKED,아니오,UNKNOWN,UNKNOWN,UNKNOWN,UNKNOWN,UNKNOWN,UNKNOWN,https://lineagem.inven.co.kr/db/skill/?job=94,기준일 직전 설명·PvE 대상 검증 필요
lm_6b68b5fb5a7cd84f,사신,라이트,UNKNOWN,UNKNOWN,NONE,BLOCKED,아니오,UNKNOWN,UNKNOWN,UNKNOWN,UNKNOWN,UNKNOWN,UNKNOWN,https://lineagem.inven.co.kr/db/skill/?job=94,기준일 직전 설명·PvE 대상 검증 필요
lm_7dd3a0157b0163b3,사신,실드,UNKNOWN,UNKNOWN,NONE,BLOCKED,예,UNKNOWN,UNKNOWN,UNKNOWN,UNKNOWN,UNKNOWN,UNKNOWN,https://lineagem.inven.co.kr/db/skill/?job=94,기준일 직전 설명·PvE 대상 검증 필요
lm_19227b7397cc8674,사신,어스 재일,UNKNOWN,UNKNOWN,NONE,BLOCKED,예,UNKNOWN,UNKNOWN,UNKNOWN,UNKNOWN,UNKNOWN,UNKNOWN,https://lineagem.inven.co.kr/db/skill/?job=94,기준일 직전 설명·PvE 대상 검증 필요
lm_92b521ac8d68ed02,사신,에너지 볼트,UNKNOWN,UNKNOWN,NONE,BLOCKED,예,UNKNOWN,UNKNOWN,UNKNOWN,UNKNOWN,UNKNOWN,UNKNOWN,https://lineagem.inven.co.kr/db/skill/?job=94,기준일 직전 설명·PvE 대상 검증 필요
lm_16f01277b812bbe3,사신,큐어 포이즌,UNKNOWN,UNKNOWN,NONE,BLOCKED,아니오,UNKNOWN,UNKNOWN,UNKNOWN,UNKNOWN,UNKNOWN,UNKNOWN,https://lineagem.inven.co.kr/db/skill/?job=94,기준일 직전 설명·PvE 대상 검증 필요
lm_8cd67a50857d07ed,사신,텔레포트,UNKNOWN,UNKNOWN,NONE,BLOCKED,예,UNKNOWN,UNKNOWN,UNKNOWN,UNKNOWN,UNKNOWN,UNKNOWN,https://lineagem.inven.co.kr/db/skill/?job=94,기준일 직전 설명·PvE 대상 검증 필요
lm_74f52674ea35cca6,뇌신,데몬 대시,UNKNOWN,UNKNOWN,NONE,BLOCKED,아니오,UNKNOWN,UNKNOWN,UNKNOWN,UNKNOWN,UNKNOWN,UNKNOWN,https://lineagem.inven.co.kr/db/skill/?job=111,기준일 직전 설명·PvE 대상 검증 필요
lm_b50a6d3e9d8942d6,뇌신,라그나로크,UNKNOWN,UNKNOWN,NONE,BLOCKED,아니오,UNKNOWN,UNKNOWN,UNKNOWN,UNKNOWN,UNKNOWN,UNKNOWN,https://lineagem.inven.co.kr/db/skill/?job=111,기준일 직전 설명·PvE 대상 검증 필요
lm_3deafefd6ba9b11f,뇌신,서먼 언데드,UNKNOWN,UNKNOWN,NONE,BLOCKED,아니오,UNKNOWN,UNKNOWN,UNKNOWN,UNKNOWN,UNKNOWN,UNKNOWN,https://lineagem.inven.co.kr/db/skill/?job=111,기준일 직전 설명·PvE 대상 검증 필요
lm_8d669f6aa688b71f,뇌신,얼티밋 디그니티,UNKNOWN,UNKNOWN,NONE,BLOCKED,아니오,UNKNOWN,UNKNOWN,UNKNOWN,UNKNOWN,UNKNOWN,UNKNOWN,https://lineagem.inven.co.kr/db/skill/?job=111,기준일 직전 설명·PvE 대상 검증 필요
lm_4fa28d3dd0cdc8d0,뇌신,얼티밋 디텍션,UNKNOWN,UNKNOWN,NONE,BLOCKED,아니오,UNKNOWN,UNKNOWN,UNKNOWN,UNKNOWN,UNKNOWN,UNKNOWN,https://lineagem.inven.co.kr/db/skill/?job=111,기준일 직전 설명·PvE 대상 검증 필요
lm_e7dde657138d24f1,뇌신,얼티밋 배리어,UNKNOWN,UNKNOWN,NONE,BLOCKED,아니오,UNKNOWN,UNKNOWN,UNKNOWN,UNKNOWN,UNKNOWN,UNKNOWN,https://lineagem.inven.co.kr/db/skill/?job=111,기준일 직전 설명·PvE 대상 검증 필요
lm_ad651da47bfb3bb3,뇌신,얼티밋 스턴,UNKNOWN,UNKNOWN,NONE,BLOCKED,아니오,UNKNOWN,UNKNOWN,UNKNOWN,UNKNOWN,UNKNOWN,UNKNOWN,https://lineagem.inven.co.kr/db/skill/?job=111,기준일 직전 설명·PvE 대상 검증 필요
lm_7960b239328179c9,뇌신,우라칸,UNKNOWN,UNKNOWN,NONE,BLOCKED,아니오,UNKNOWN,UNKNOWN,UNKNOWN,UNKNOWN,UNKNOWN,UNKNOWN,https://lineagem.inven.co.kr/db/skill/?job=111,기준일 직전 설명·PvE 대상 검증 필요
lm_aad719e12e3df47d,뇌신,기가 드라이브,UNKNOWN,UNKNOWN,NONE,BLOCKED,아니오,UNKNOWN,UNKNOWN,UNKNOWN,UNKNOWN,UNKNOWN,UNKNOWN,https://lineagem.inven.co.kr/db/skill/?job=111,기준일 직전 설명·PvE 대상 검증 필요
lm_69fb13a1129b8bcf,뇌신,발키리,UNKNOWN,UNKNOWN,NONE,BLOCKED,아니오,UNKNOWN,UNKNOWN,UNKNOWN,UNKNOWN,UNKNOWN,UNKNOWN,https://lineagem.inven.co.kr/db/skill/?job=111,기준일 직전 설명·PvE 대상 검증 필요
lm_b324c91c98995309,뇌신,썬더 스턴(미스틱),UNKNOWN,UNKNOWN,NONE,BLOCKED,아니오,UNKNOWN,UNKNOWN,UNKNOWN,UNKNOWN,UNKNOWN,UNKNOWN,https://lineagem.inven.co.kr/db/skill/?job=111,기준일 직전 설명·PvE 대상 검증 필요
lm_fcc3854a4dca35b9,뇌신,썬더 아머(아케인),UNKNOWN,UNKNOWN,NONE,BLOCKED,아니오,UNKNOWN,UNKNOWN,UNKNOWN,UNKNOWN,UNKNOWN,UNKNOWN,https://lineagem.inven.co.kr/db/skill/?job=111,기준일 직전 설명·PvE 대상 검증 필요
lm_ac08ee94754a9a5f,뇌신,썬더 프로텍션(미스틱),UNKNOWN,UNKNOWN,NONE,BLOCKED,아니오,UNKNOWN,UNKNOWN,UNKNOWN,UNKNOWN,UNKNOWN,UNKNOWN,https://lineagem.inven.co.kr/db/skill/?job=111,기준일 직전 설명·PvE 대상 검증 필요
lm_2961a969ca1edbb6,뇌신,오버 차지(미스틱),UNKNOWN,UNKNOWN,NONE,BLOCKED,아니오,UNKNOWN,UNKNOWN,UNKNOWN,UNKNOWN,UNKNOWN,UNKNOWN,https://lineagem.inven.co.kr/db/skill/?job=111,기준일 직전 설명·PvE 대상 검증 필요
lm_a67097404fc5663e,뇌신,플라즈마 다이브,UNKNOWN,UNKNOWN,CONNECTED,PARTIAL,아니오,전설,상태를 해제하고 회복하며 반투명 상태로 탈출합니다.,80,UNKNOWN,UNKNOWN,CUSTOM_BALANCE,https://lineagem.inven.co.kr/db/skill/?job=111,기준일 직전 설명·PvE 대상 검증 필요
lm_e6cd4e89372bd773,뇌신,플래시(미스틱),VERIFIED,UNKNOWN,NONE,BLOCKED,아니오,UNKNOWN,UNKNOWN,UNKNOWN,UNKNOWN,UNKNOWN,UNKNOWN,https://lineagem.inven.co.kr/db/skill/?job=111 | https://m.inven.co.kr/board/lineagem/5019/587688,기준일 직전 설명·PvE 대상 검증 필요
lm_2bdb65edfba2772d,뇌신,라이트닝 스트라이크(미스틱),UNKNOWN,UNKNOWN,CONNECTED,PARTIAL,아니오,영웅,하위 기술의 효과를 강화합니다.,70,UNKNOWN,라이트닝 스트라이크,CUSTOM_BALANCE,https://lineagem.inven.co.kr/db/skill/?job=111,기준일 직전 설명·PvE 대상 검증 필요
lm_f649d5ce7ff58207,뇌신,라이트닝 어택(미스틱),UNKNOWN,UNKNOWN,NONE,BLOCKED,아니오,UNKNOWN,UNKNOWN,UNKNOWN,UNKNOWN,UNKNOWN,UNKNOWN,https://lineagem.inven.co.kr/db/skill/?job=111,기준일 직전 설명·PvE 대상 검증 필요
lm_ea9a40241ec565e3,뇌신,썬더 마크(미스틱),UNKNOWN,UNKNOWN,NONE,BLOCKED,아니오,UNKNOWN,UNKNOWN,UNKNOWN,UNKNOWN,UNKNOWN,UNKNOWN,https://lineagem.inven.co.kr/db/skill/?job=111,기준일 직전 설명·PvE 대상 검증 필요
lm_7f49e0455c2caa0d,뇌신,오버 차지,UNKNOWN,UNKNOWN,NONE,BLOCKED,아니오,UNKNOWN,UNKNOWN,UNKNOWN,UNKNOWN,UNKNOWN,UNKNOWN,https://lineagem.inven.co.kr/db/skill/?job=111,기준일 직전 설명·PvE 대상 검증 필요
lm_77437fee6ac2fdbb,뇌신,체인 라이트닝(미스틱),UNKNOWN,UNKNOWN,NONE,BLOCKED,아니오,UNKNOWN,UNKNOWN,UNKNOWN,UNKNOWN,UNKNOWN,UNKNOWN,https://lineagem.inven.co.kr/db/skill/?job=111,기준일 직전 설명·PvE 대상 검증 필요
lm_f7afaf54afcbb439,뇌신,플래시,VERIFIED,UNKNOWN,NONE,BLOCKED,아니오,UNKNOWN,UNKNOWN,UNKNOWN,UNKNOWN,UNKNOWN,UNKNOWN,https://lineagem.inven.co.kr/db/skill/?job=111 | https://about.ncsoft.com/news/article/news-lieangem-update-220824,기준일 직전 설명·PvE 대상 검증 필요
lm_77160df91e7c0f69,뇌신,썬더 아머(미스틱),UNKNOWN,UNKNOWN,CONNECTED,PARTIAL,아니오,영웅,하위 기술의 효과를 강화합니다.,60,UNKNOWN,썬더 아머,CUSTOM_BALANCE,https://lineagem.inven.co.kr/db/skill/?job=111,기준일 직전 설명·PvE 대상 검증 필요
lm_236e004c8ab51043,뇌신,썬더 프로텍션,UNKNOWN,UNKNOWN,CONNECTED,PARTIAL,아니오,영웅,조건을 만족하면 능력치를 적용합니다.,60,UNKNOWN,UNKNOWN,CUSTOM_BALANCE,https://lineagem.inven.co.kr/db/skill/?job=111,기준일 직전 설명·PvE 대상 검증 필요
lm_9b79eacd19960263,뇌신,썬더 플릭,UNKNOWN,UNKNOWN,NONE,BLOCKED,아니오,UNKNOWN,UNKNOWN,UNKNOWN,UNKNOWN,UNKNOWN,UNKNOWN,https://lineagem.inven.co.kr/db/skill/?job=111,기준일 직전 설명·PvE 대상 검증 필요
lm_eb050c341381a33f,뇌신,라이트닝 스트라이크,UNKNOWN,UNKNOWN,CONNECTED,PARTIAL,아니오,일반,명중 시 확률적으로 추가 낙뢰를 입힙니다.,50,UNKNOWN,UNKNOWN,CUSTOM_BALANCE,https://lineagem.inven.co.kr/db/skill/?job=111,기준일 직전 설명·PvE 대상 검증 필요
lm_8009dbbae892b539,뇌신,썬더 바이탈,VERIFIED,UNKNOWN,CONNECTED,PARTIAL,아니오,일반,조건을 만족하면 능력치를 적용합니다.,50,UNKNOWN,UNKNOWN,CUSTOM_BALANCE,https://lineagem.inven.co.kr/db/skill/?job=111 | https://m.inven.co.kr/board/lineagem/5019/587688,기준일 직전 설명·PvE 대상 검증 필요
lm_5050c9dd5325eaa6,뇌신,썬더 스턴,UNKNOWN,UNKNOWN,CONNECTED,PARTIAL,아니오,일반,대상을 기절시키고 리덕션을 낮춥니다.,50,UNKNOWN,UNKNOWN,CUSTOM_BALANCE,https://lineagem.inven.co.kr/db/skill/?job=111,기준일 직전 설명·PvE 대상 검증 필요
lm_f39f7ea7a11b1b4d,뇌신,라이트닝 블로우,UNKNOWN,UNKNOWN,NONE,BLOCKED,아니오,UNKNOWN,UNKNOWN,UNKNOWN,UNKNOWN,UNKNOWN,UNKNOWN,https://lineagem.inven.co.kr/db/skill/?job=111,기준일 직전 설명·PvE 대상 검증 필요
lm_a1e31e333a2b59f0,뇌신,라이트닝 크리티컬,UNKNOWN,UNKNOWN,CONNECTED,PARTIAL,아니오,일반,조건을 만족하면 능력치를 적용합니다.,40,UNKNOWN,UNKNOWN,CUSTOM_BALANCE,https://lineagem.inven.co.kr/db/skill/?job=111,기준일 직전 설명·PvE 대상 검증 필요
lm_e9a02c70e3534afc,뇌신,웨폰 마스터리,VERIFIED,UNKNOWN,NONE,BLOCKED,아니오,UNKNOWN,UNKNOWN,UNKNOWN,UNKNOWN,UNKNOWN,UNKNOWN,https://lineagem.inven.co.kr/db/skill/?job=111 | https://m.inven.co.kr/board/lineagem/5019/587688,기준일 직전 설명·PvE 대상 검증 필요
lm_35b792df7c7ab7e9,뇌신,마그네틱 핸드,UNKNOWN,UNKNOWN,NONE,BLOCKED,아니오,UNKNOWN,UNKNOWN,UNKNOWN,UNKNOWN,UNKNOWN,UNKNOWN,https://lineagem.inven.co.kr/db/skill/?job=111,기준일 직전 설명·PvE 대상 검증 필요
lm_b08f206fe97abc83,뇌신,스태틱 필드,VERIFIED,UNKNOWN,CONNECTED,PARTIAL,아니오,일반,주변에 번개 피해를 가하고 근접 피해 강화 단계를 누적합니다.,30,UNKNOWN,UNKNOWN,CUSTOM_BALANCE,https://lineagem.inven.co.kr/db/skill/?job=111 | https://m.inven.co.kr/board/lineagem/5019/587688,기준일 직전 설명·PvE 대상 검증 필요
lm_cb0375ba9c238726,뇌신,썬더 가드,VERIFIED,UNKNOWN,CONNECTED,PARTIAL,아니오,일반,조건을 만족하면 능력치를 적용합니다.,30,UNKNOWN,UNKNOWN,CUSTOM_BALANCE,https://lineagem.inven.co.kr/db/skill/?job=111 | https://m.inven.co.kr/board/lineagem/5019/587688,기준일 직전 설명·PvE 대상 검증 필요
lm_8ceb1aac06721013,뇌신,포텐셜,UNKNOWN,UNKNOWN,NONE,BLOCKED,아니오,UNKNOWN,UNKNOWN,UNKNOWN,UNKNOWN,UNKNOWN,UNKNOWN,https://lineagem.inven.co.kr/db/skill/?job=111,기준일 직전 설명·PvE 대상 검증 필요
lm_4732c18977938cdb,뇌신,라이트닝 어택,UNKNOWN,UNKNOWN,CONNECTED,PARTIAL,아니오,일반,조건을 만족하면 능력치를 적용합니다.,20,UNKNOWN,UNKNOWN,CUSTOM_BALANCE,https://lineagem.inven.co.kr/db/skill/?job=111,기준일 직전 설명·PvE 대상 검증 필요
lm_50e70d4996958fe4,뇌신,썬더 아머,VERIFIED,UNKNOWN,CONNECTED,PARTIAL,예,일반,물리 피해를 줄이고 회피 성공 시 확률적으로 낙뢰를 가합니다.,20,UNKNOWN,UNKNOWN,CUSTOM_BALANCE,https://lineagem.inven.co.kr/db/skill/?job=111 | https://about.ncsoft.com/news/article/news-lieangem-update-220824,기준일 직전 설명·PvE 대상 검증 필요
lm_9833c88190974e17,뇌신,플라즈마 부스트,UNKNOWN,UNKNOWN,CONNECTED,PARTIAL,아니오,일반,조건을 만족하면 능력치를 적용합니다.,20,UNKNOWN,UNKNOWN,CUSTOM_BALANCE,https://lineagem.inven.co.kr/db/skill/?job=111,기준일 직전 설명·PvE 대상 검증 필요
lm_e242869d14e6ee12,뇌신,스페셜 어택: 뇌신(검),UNKNOWN,UNKNOWN,NONE,BLOCKED,아니오,UNKNOWN,UNKNOWN,UNKNOWN,UNKNOWN,UNKNOWN,UNKNOWN,https://lineagem.inven.co.kr/db/skill/?job=111,기준일 직전 설명·PvE 대상 검증 필요
lm_1a234242f02c7c5a,뇌신,스페셜 어택: 뇌신(창),UNKNOWN,UNKNOWN,NONE,BLOCKED,아니오,UNKNOWN,UNKNOWN,UNKNOWN,UNKNOWN,UNKNOWN,UNKNOWN,https://lineagem.inven.co.kr/db/skill/?job=111,기준일 직전 설명·PvE 대상 검증 필요
lm_06640b26b09a5bc8,뇌신,썬더 마크,UNKNOWN,UNKNOWN,CONNECTED,PARTIAL,아니오,일반,명중 시 표식을 누적하고 3중첩이면 감전 피해를 줍니다.,1,UNKNOWN,UNKNOWN,CUSTOM_BALANCE,https://lineagem.inven.co.kr/db/skill/?job=111,기준일 직전 설명·PvE 대상 검증 필요
lm_dcb006041216f9c6,뇌신,썬더 볼트,VERIFIED,UNKNOWN,CONNECTED,PARTIAL,아니오,일반,공격 시 낙뢰로 피해와 썬더 마크를 부여합니다.,1,UNKNOWN,UNKNOWN,CUSTOM_BALANCE,https://lineagem.inven.co.kr/db/skill/?job=111 | https://about.ncsoft.com/news/article/news-lieangem-update-220824,기준일 직전 설명·PvE 대상 검증 필요
lm_ec6fd92ac55c73e9,뇌신,체인 라이트닝,UNKNOWN,UNKNOWN,CONNECTED,PARTIAL,아니오,일반,"ON이면 번개석을 소비해 연쇄 공격, OFF이면 단일 낙뢰를 발동합니다.",1,UNKNOWN,UNKNOWN,CUSTOM_BALANCE,https://lineagem.inven.co.kr/db/skill/?job=111,기준일 직전 설명·PvE 대상 검증 필요
lm_8673c4477743e427,뇌신,디크리즈 웨이트,UNKNOWN,UNKNOWN,NONE,BLOCKED,아니오,UNKNOWN,UNKNOWN,UNKNOWN,UNKNOWN,UNKNOWN,UNKNOWN,https://lineagem.inven.co.kr/db/skill/?job=111,기준일 직전 설명·PvE 대상 검증 필요
lm_5ea57f2496290a0d,뇌신,디텍션,UNKNOWN,UNKNOWN,NONE,BLOCKED,아니오,UNKNOWN,UNKNOWN,UNKNOWN,UNKNOWN,UNKNOWN,UNKNOWN,https://lineagem.inven.co.kr/db/skill/?job=111,기준일 직전 설명·PvE 대상 검증 필요
lm_15199c7ea69122e3,뇌신,라이트,UNKNOWN,UNKNOWN,NONE,BLOCKED,아니오,UNKNOWN,UNKNOWN,UNKNOWN,UNKNOWN,UNKNOWN,UNKNOWN,https://lineagem.inven.co.kr/db/skill/?job=111,기준일 직전 설명·PvE 대상 검증 필요
lm_066ac51edf7e05b7,뇌신,실드,UNKNOWN,UNKNOWN,NONE,BLOCKED,예,UNKNOWN,UNKNOWN,UNKNOWN,UNKNOWN,UNKNOWN,UNKNOWN,https://lineagem.inven.co.kr/db/skill/?job=111,기준일 직전 설명·PvE 대상 검증 필요
lm_52f9d5d288c8c711,뇌신,어스 재일,UNKNOWN,UNKNOWN,NONE,BLOCKED,예,UNKNOWN,UNKNOWN,UNKNOWN,UNKNOWN,UNKNOWN,UNKNOWN,https://lineagem.inven.co.kr/db/skill/?job=111,기준일 직전 설명·PvE 대상 검증 필요
lm_353afd365067d330,뇌신,에너지 볼트,UNKNOWN,UNKNOWN,NONE,BLOCKED,예,UNKNOWN,UNKNOWN,UNKNOWN,UNKNOWN,UNKNOWN,UNKNOWN,https://lineagem.inven.co.kr/db/skill/?job=111,기준일 직전 설명·PvE 대상 검증 필요
lm_e4aad94fd097d66c,뇌신,큐어 포이즌,UNKNOWN,UNKNOWN,NONE,BLOCKED,아니오,UNKNOWN,UNKNOWN,UNKNOWN,UNKNOWN,UNKNOWN,UNKNOWN,https://lineagem.inven.co.kr/db/skill/?job=111,기준일 직전 설명·PvE 대상 검증 필요
lm_56135ef06c1eb3d7,뇌신,텔레포트,UNKNOWN,UNKNOWN,NONE,BLOCKED,예,UNKNOWN,UNKNOWN,UNKNOWN,UNKNOWN,UNKNOWN,UNKNOWN,https://lineagem.inven.co.kr/db/skill/?job=111,기준일 직전 설명·PvE 대상 검증 필요
lm_7c90d6adc0c3c7b3,마검사,댄싱 블레이드,VERIFIED,UNKNOWN,NONE,BLOCKED,아니오,UNKNOWN,UNKNOWN,UNKNOWN,UNKNOWN,UNKNOWN,UNKNOWN,https://lineagem.inven.co.kr/db/skill/?job=142 | https://mysmallplace.tistory.com/17,기준일 직전 설명·PvE 대상 검증 필요
lm_6bb1627102079924,마검사,데몬 대시,UNKNOWN,UNKNOWN,NONE,BLOCKED,아니오,UNKNOWN,UNKNOWN,UNKNOWN,UNKNOWN,UNKNOWN,UNKNOWN,https://lineagem.inven.co.kr/db/skill/?job=142,기준일 직전 설명·PvE 대상 검증 필요
lm_bc6b4fec5c7357f9,마검사,룬 스트라이크,VERIFIED,UNKNOWN,NONE,BLOCKED,아니오,UNKNOWN,UNKNOWN,UNKNOWN,UNKNOWN,UNKNOWN,UNKNOWN,https://lineagem.inven.co.kr/db/skill/?job=142 | https://mysmallplace.tistory.com/17,기준일 직전 설명·PvE 대상 검증 필요
lm_c986ed9685070d3f,마검사,서먼 언데드,UNKNOWN,UNKNOWN,NONE,BLOCKED,아니오,UNKNOWN,UNKNOWN,UNKNOWN,UNKNOWN,UNKNOWN,UNKNOWN,https://lineagem.inven.co.kr/db/skill/?job=142,기준일 직전 설명·PvE 대상 검증 필요
lm_2cca9e33371ab3a7,마검사,얼티밋 디그니티,UNKNOWN,UNKNOWN,NONE,BLOCKED,아니오,UNKNOWN,UNKNOWN,UNKNOWN,UNKNOWN,UNKNOWN,UNKNOWN,https://lineagem.inven.co.kr/db/skill/?job=142,기준일 직전 설명·PvE 대상 검증 필요
lm_35d2f88e3a1b477a,마검사,얼티밋 디텍션,UNKNOWN,UNKNOWN,NONE,BLOCKED,아니오,UNKNOWN,UNKNOWN,UNKNOWN,UNKNOWN,UNKNOWN,UNKNOWN,https://lineagem.inven.co.kr/db/skill/?job=142,기준일 직전 설명·PvE 대상 검증 필요
lm_03fef79c01d860c2,마검사,얼티밋 배리어,UNKNOWN,UNKNOWN,NONE,BLOCKED,아니오,UNKNOWN,UNKNOWN,UNKNOWN,UNKNOWN,UNKNOWN,UNKNOWN,https://lineagem.inven.co.kr/db/skill/?job=142,기준일 직전 설명·PvE 대상 검증 필요
lm_1539f924968b3ea9,마검사,얼티밋 스턴,UNKNOWN,UNKNOWN,NONE,BLOCKED,아니오,UNKNOWN,UNKNOWN,UNKNOWN,UNKNOWN,UNKNOWN,UNKNOWN,https://lineagem.inven.co.kr/db/skill/?job=142,기준일 직전 설명·PvE 대상 검증 필요
lm_1fb2fb45ca7bb6e5,마검사,라이프 스트림,UNKNOWN,UNKNOWN,CONNECTED,PARTIAL,아니오,전설,상태를 해제하고 회복하며 초과 회복을 보호막으로 전환합니다.,80,UNKNOWN,UNKNOWN,CUSTOM_BALANCE,https://lineagem.inven.co.kr/db/skill/?job=142,기준일 직전 설명·PvE 대상 검증 필요
lm_609106982f76d7ef,마검사,룬 마스터리(레전드),UNKNOWN,UNKNOWN,NONE,BLOCKED,아니오,UNKNOWN,UNKNOWN,UNKNOWN,UNKNOWN,UNKNOWN,UNKNOWN,https://lineagem.inven.co.kr/db/skill/?job=142,기준일 직전 설명·PvE 대상 검증 필요
lm_a3383b96fe98e15b,마검사,룬 버스트(에이스),UNKNOWN,UNKNOWN,CONNECTED,PARTIAL,아니오,전설,하위 기술의 효과를 강화합니다.,80,UNKNOWN,룬 버스트,CUSTOM_BALANCE,https://lineagem.inven.co.kr/db/skill/?job=142,기준일 직전 설명·PvE 대상 검증 필요
lm_dc4647d12975d112,마검사,룬 스턴(에이스),UNKNOWN,UNKNOWN,NONE,BLOCKED,아니오,UNKNOWN,UNKNOWN,UNKNOWN,UNKNOWN,UNKNOWN,UNKNOWN,https://lineagem.inven.co.kr/db/skill/?job=142,기준일 직전 설명·PvE 대상 검증 필요
lm_bc45358989516ba7,마검사,일루전 카운터(레전드),UNKNOWN,UNKNOWN,NONE,BLOCKED,아니오,UNKNOWN,UNKNOWN,UNKNOWN,UNKNOWN,UNKNOWN,UNKNOWN,https://lineagem.inven.co.kr/db/skill/?job=142,기준일 직전 설명·PvE 대상 검증 필요
lm_d72366a98d698dc9,마검사,트리니티(에이스),UNKNOWN,UNKNOWN,NONE,BLOCKED,아니오,UNKNOWN,UNKNOWN,UNKNOWN,UNKNOWN,UNKNOWN,UNKNOWN,https://lineagem.inven.co.kr/db/skill/?job=142,기준일 직전 설명·PvE 대상 검증 필요
lm_388ac02b69d855e9,마검사,팔랑크스(레전드),UNKNOWN,UNKNOWN,NONE,BLOCKED,아니오,UNKNOWN,UNKNOWN,UNKNOWN,UNKNOWN,UNKNOWN,UNKNOWN,https://lineagem.inven.co.kr/db/skill/?job=142,기준일 직전 설명·PvE 대상 검증 필요
lm_2d0d13a06103294f,마검사,룬 마스터리(에이스),UNKNOWN,UNKNOWN,NONE,BLOCKED,아니오,UNKNOWN,UNKNOWN,UNKNOWN,UNKNOWN,UNKNOWN,UNKNOWN,https://lineagem.inven.co.kr/db/skill/?job=142,기준일 직전 설명·PvE 대상 검증 필요
lm_ecdb7b33c3400f89,마검사,에테르 웨폰(에이스),UNKNOWN,UNKNOWN,NONE,BLOCKED,아니오,UNKNOWN,UNKNOWN,UNKNOWN,UNKNOWN,UNKNOWN,UNKNOWN,https://lineagem.inven.co.kr/db/skill/?job=142,기준일 직전 설명·PvE 대상 검증 필요
lm_f12bc8283c022ec2,마검사,일루전 카운터(에이스),UNKNOWN,UNKNOWN,CONNECTED,PARTIAL,아니오,영웅,하위 기술의 효과를 강화합니다.,70,UNKNOWN,일루전 카운터,CUSTOM_BALANCE,https://lineagem.inven.co.kr/db/skill/?job=142,기준일 직전 설명·PvE 대상 검증 필요
lm_ec7b696eb81c139c,마검사,트리니티,UNKNOWN,UNKNOWN,NONE,BLOCKED,아니오,UNKNOWN,UNKNOWN,UNKNOWN,UNKNOWN,UNKNOWN,UNKNOWN,https://lineagem.inven.co.kr/db/skill/?job=142,기준일 직전 설명·PvE 대상 검증 필요
lm_4a338800254c3bec,마검사,팔랑크스(에이스),UNKNOWN,UNKNOWN,NONE,BLOCKED,아니오,UNKNOWN,UNKNOWN,UNKNOWN,UNKNOWN,UNKNOWN,UNKNOWN,https://lineagem.inven.co.kr/db/skill/?job=142,기준일 직전 설명·PvE 대상 검증 필요
lm_3c7233e4974dc58b,마검사,플라잉 소드,UNKNOWN,UNKNOWN,NONE,BLOCKED,아니오,UNKNOWN,UNKNOWN,UNKNOWN,UNKNOWN,UNKNOWN,UNKNOWN,https://lineagem.inven.co.kr/db/skill/?job=142,기준일 직전 설명·PvE 대상 검증 필요
lm_94eeee6b651ccee8,마검사,라이프 서클(에이스),UNKNOWN,UNKNOWN,CONNECTED,PARTIAL,아니오,영웅,하위 기술의 효과를 강화합니다.,60,UNKNOWN,라이프 서클,CUSTOM_BALANCE,https://lineagem.inven.co.kr/db/skill/?job=142,기준일 직전 설명·PvE 대상 검증 필요
lm_7a70617810d50189,마검사,슈퍼 소닉,UNKNOWN,UNKNOWN,NONE,BLOCKED,아니오,UNKNOWN,UNKNOWN,UNKNOWN,UNKNOWN,UNKNOWN,UNKNOWN,https://lineagem.inven.co.kr/db/skill/?job=142,기준일 직전 설명·PvE 대상 검증 필요
lm_e2abc3ddcf8d7cfb,마검사,룬 스턴,UNKNOWN,UNKNOWN,CONNECTED,PARTIAL,아니오,일반,룬의 힘으로 대상을 기절시킵니다.,50,UNKNOWN,UNKNOWN,CUSTOM_BALANCE,https://lineagem.inven.co.kr/db/skill/?job=142,기준일 직전 설명·PvE 대상 검증 필요
lm_14268c7ac4c75eb1,마검사,소닉 블레이드,UNKNOWN,UNKNOWN,NONE,BLOCKED,아니오,UNKNOWN,UNKNOWN,UNKNOWN,UNKNOWN,UNKNOWN,UNKNOWN,https://lineagem.inven.co.kr/db/skill/?job=142,기준일 직전 설명·PvE 대상 검증 필요
lm_9e207b108d2877cd,마검사,팔랑크스,UNKNOWN,UNKNOWN,CONNECTED,PARTIAL,아니오,일반,피격 시 방어 적응을 누적합니다.,50,UNKNOWN,UNKNOWN,CUSTOM_BALANCE,https://lineagem.inven.co.kr/db/skill/?job=142,기준일 직전 설명·PvE 대상 검증 필요
lm_66e64468fd21c8c6,마검사,노마드,UNKNOWN,UNKNOWN,CONNECTED,PARTIAL,아니오,일반,전투를 벗어나면 HP 재생을 높입니다.,30,UNKNOWN,UNKNOWN,CUSTOM_BALANCE,https://lineagem.inven.co.kr/db/skill/?job=142,기준일 직전 설명·PvE 대상 검증 필요
lm_21741c93e22e101f,마검사,에테르 웨폰,UNKNOWN,UNKNOWN,CONNECTED,PARTIAL,아니오,일반,명중 시 공격 적응을 누적해 피해와 명중을 높입니다.,40,UNKNOWN,UNKNOWN,CUSTOM_BALANCE,https://lineagem.inven.co.kr/db/skill/?job=142,기준일 직전 설명·PvE 대상 검증 필요
lm_333c37f7ef5e166e,마검사,일루전 카운터,UNKNOWN,UNKNOWN,CONNECTED,PARTIAL,아니오,일반,연속 회피 후 반격합니다.,40,UNKNOWN,UNKNOWN,CUSTOM_BALANCE,https://lineagem.inven.co.kr/db/skill/?job=142,기준일 직전 설명·PvE 대상 검증 필요
lm_27e9c0f2f8453248,마검사,샌드 스톰,VERIFIED,UNKNOWN,NONE,BLOCKED,아니오,UNKNOWN,UNKNOWN,UNKNOWN,UNKNOWN,UNKNOWN,UNKNOWN,https://lineagem.inven.co.kr/db/skill/?job=142 | https://m.inven.co.kr/board/lineagem/5019/587688,기준일 직전 설명·PvE 대상 검증 필요
lm_4746a9b100e660f3,마검사,에테르 아머,VERIFIED,UNKNOWN,CONNECTED,PARTIAL,아니오,일반,조건을 만족하면 능력치를 적용합니다.,30,UNKNOWN,UNKNOWN,CUSTOM_BALANCE,https://lineagem.inven.co.kr/db/skill/?job=142 | https://m.inven.co.kr/board/lineagem/5019/587688,기준일 직전 설명·PvE 대상 검증 필요
lm_d26ae1632527304f,마검사,위크 엘리멘탈,UNKNOWN,UNKNOWN,NONE,BLOCKED,아니오,UNKNOWN,UNKNOWN,UNKNOWN,UNKNOWN,UNKNOWN,UNKNOWN,https://lineagem.inven.co.kr/db/skill/?job=142,기준일 직전 설명·PvE 대상 검증 필요
lm_117c88d8827a0a64,마검사,카므플라주,UNKNOWN,UNKNOWN,NONE,BLOCKED,아니오,UNKNOWN,UNKNOWN,UNKNOWN,UNKNOWN,UNKNOWN,UNKNOWN,https://lineagem.inven.co.kr/db/skill/?job=142,기준일 직전 설명·PvE 대상 검증 필요
lm_3728e0e8b8a822aa,마검사,룬 블로우,VERIFIED,UNKNOWN,CONNECTED,PARTIAL,아니오,일반,공격 시 확률적으로 세 배 피해를 줍니다.,20,UNKNOWN,UNKNOWN,CUSTOM_BALANCE,https://lineagem.inven.co.kr/db/skill/?job=142 | https://m.inven.co.kr/board/lineagem/5019/587688,기준일 직전 설명·PvE 대상 검증 필요
lm_ae1f5ae2a470e772,마검사,에테르 바이탈,VERIFIED,UNKNOWN,CONNECTED,PARTIAL,아니오,일반,조건을 만족하면 능력치를 적용합니다.,20,UNKNOWN,UNKNOWN,CUSTOM_BALANCE,https://lineagem.inven.co.kr/db/skill/?job=142 | https://m.inven.co.kr/board/lineagem/5019/587688,기준일 직전 설명·PvE 대상 검증 필요
lm_595fcc13ff154a41,마검사,에테르 부스트,UNKNOWN,UNKNOWN,CONNECTED,PARTIAL,아니오,일반,조건을 만족하면 능력치를 적용합니다.,20,UNKNOWN,UNKNOWN,CUSTOM_BALANCE,https://lineagem.inven.co.kr/db/skill/?job=142,기준일 직전 설명·PvE 대상 검증 필요
lm_479460a9733fa81d,마검사,스페셜 어택: 마검사,UNKNOWN,UNKNOWN,NONE,BLOCKED,아니오,UNKNOWN,UNKNOWN,UNKNOWN,UNKNOWN,UNKNOWN,UNKNOWN,https://lineagem.inven.co.kr/db/skill/?job=142,기준일 직전 설명·PvE 대상 검증 필요
lm_dbd7171c47b097a1,마검사,라이프 서클,UNKNOWN,UNKNOWN,CONNECTED,PARTIAL,아니오,일반,룬 기술을 사용하면 생명력에 비례해 회복합니다.,1,UNKNOWN,UNKNOWN,CUSTOM_BALANCE,https://lineagem.inven.co.kr/db/skill/?job=142,기준일 직전 설명·PvE 대상 검증 필요
lm_d838833181972fc2,마검사,룬 마스터리,UNKNOWN,UNKNOWN,CONNECTED,PARTIAL,아니오,일반,조건을 만족하면 능력치를 적용합니다.,1,UNKNOWN,UNKNOWN,CUSTOM_BALANCE,https://lineagem.inven.co.kr/db/skill/?job=142,기준일 직전 설명·PvE 대상 검증 필요
lm_36641c582649e3a0,마검사,룬 버스트,VERIFIED,UNKNOWN,CONNECTED,PARTIAL,아니오,일반,생명 에너지에 비례하는 단일 폭발 공격을 가합니다.,1,UNKNOWN,UNKNOWN,CUSTOM_BALANCE,https://lineagem.inven.co.kr/db/skill/?job=142 | https://mysmallplace.tistory.com/17,기준일 직전 설명·PvE 대상 검증 필요
lm_0a66dcf9eb83a7e4,마검사,디크리즈 웨이트,UNKNOWN,UNKNOWN,NONE,BLOCKED,아니오,UNKNOWN,UNKNOWN,UNKNOWN,UNKNOWN,UNKNOWN,UNKNOWN,https://lineagem.inven.co.kr/db/skill/?job=142,기준일 직전 설명·PvE 대상 검증 필요
lm_ddf5adae8ef3beb6,마검사,디텍션,UNKNOWN,UNKNOWN,NONE,BLOCKED,아니오,UNKNOWN,UNKNOWN,UNKNOWN,UNKNOWN,UNKNOWN,UNKNOWN,https://lineagem.inven.co.kr/db/skill/?job=142,기준일 직전 설명·PvE 대상 검증 필요
lm_46e7347f87786d73,마검사,라이트,UNKNOWN,UNKNOWN,NONE,BLOCKED,아니오,UNKNOWN,UNKNOWN,UNKNOWN,UNKNOWN,UNKNOWN,UNKNOWN,https://lineagem.inven.co.kr/db/skill/?job=142,기준일 직전 설명·PvE 대상 검증 필요
lm_0ab3083af412b6dd,마검사,실드,UNKNOWN,UNKNOWN,NONE,BLOCKED,예,UNKNOWN,UNKNOWN,UNKNOWN,UNKNOWN,UNKNOWN,UNKNOWN,https://lineagem.inven.co.kr/db/skill/?job=142,기준일 직전 설명·PvE 대상 검증 필요
lm_6ef4967930a206c5,마검사,어스 재일,UNKNOWN,UNKNOWN,NONE,BLOCKED,예,UNKNOWN,UNKNOWN,UNKNOWN,UNKNOWN,UNKNOWN,UNKNOWN,https://lineagem.inven.co.kr/db/skill/?job=142,기준일 직전 설명·PvE 대상 검증 필요
lm_18da6b417ca46139,마검사,에너지 볼트,UNKNOWN,UNKNOWN,NONE,BLOCKED,예,UNKNOWN,UNKNOWN,UNKNOWN,UNKNOWN,UNKNOWN,UNKNOWN,https://lineagem.inven.co.kr/db/skill/?job=142,기준일 직전 설명·PvE 대상 검증 필요
lm_6aa3e7a0f79e8cc7,마검사,큐어 포이즌,UNKNOWN,UNKNOWN,NONE,BLOCKED,아니오,UNKNOWN,UNKNOWN,UNKNOWN,UNKNOWN,UNKNOWN,UNKNOWN,https://lineagem.inven.co.kr/db/skill/?job=142,기준일 직전 설명·PvE 대상 검증 필요
lm_80a9dd83df0e353c,마검사,텔레포트,UNKNOWN,UNKNOWN,NONE,BLOCKED,예,UNKNOWN,UNKNOWN,UNKNOWN,UNKNOWN,UNKNOWN,UNKNOWN,https://lineagem.inven.co.kr/db/skill/?job=142,기준일 직전 설명·PvE 대상 검증 필요
lm_2333c314ca0eb854,광전사,버서커(워리어),VERIFIED,UNKNOWN,NONE,BLOCKED,아니오,UNKNOWN,UNKNOWN,UNKNOWN,UNKNOWN,UNKNOWN,UNKNOWN,https://gallo44.tistory.com/78,역사적 명칭의 개편·유지 여부 검증 필요
lm_9cecd2fcf0c7afd6,광전사,워리어(가드),VERIFIED,UNKNOWN,NONE,BLOCKED,아니오,UNKNOWN,UNKNOWN,UNKNOWN,UNKNOWN,UNKNOWN,UNKNOWN,https://gallo44.tistory.com/78,역사적 명칭의 개편·유지 여부 검증 필요
lm_fef574a2c5836937,광전사,워리어(포션),VERIFIED,UNKNOWN,NONE,BLOCKED,아니오,UNKNOWN,UNKNOWN,UNKNOWN,UNKNOWN,UNKNOWN,UNKNOWN,https://gallo44.tistory.com/78,역사적 명칭의 개편·유지 여부 검증 필요
lm_91a122f69048e6d2,광전사,타이탄(배쉬),VERIFIED,UNKNOWN,NONE,BLOCKED,아니오,UNKNOWN,UNKNOWN,UNKNOWN,UNKNOWN,UNKNOWN,UNKNOWN,https://gallo44.tistory.com/78,역사적 명칭의 개편·유지 여부 검증 필요
lm_6709f7c203a9c248,광전사,프레셔(라이징),VERIFIED,UNKNOWN,NONE,BLOCKED,아니오,UNKNOWN,UNKNOWN,UNKNOWN,UNKNOWN,UNKNOWN,UNKNOWN,https://gallo44.tistory.com/78,역사적 명칭의 개편·유지 여부 검증 필요
lm_a5b4fccaa1daf82c,군주,임페리얼 그래비티,VERIFIED,UNKNOWN,NONE,BLOCKED,아니오,UNKNOWN,UNKNOWN,UNKNOWN,UNKNOWN,UNKNOWN,UNKNOWN,https://m.inven.co.kr/board/lineagem/5019/587688,역사적 명칭의 개편·유지 여부 검증 필요
lm_53934f3b52102487,군주,컨트롤 오라 0단계,VERIFIED,UNKNOWN,NONE,BLOCKED,아니오,UNKNOWN,UNKNOWN,UNKNOWN,UNKNOWN,UNKNOWN,UNKNOWN,https://m.inven.co.kr/board/lineagem/5019/587688,역사적 명칭의 개편·유지 여부 검증 필요
lm_78e56effbb2cb6da,기사,샤프 어택,VERIFIED,UNKNOWN,NONE,BLOCKED,아니오,UNKNOWN,UNKNOWN,UNKNOWN,UNKNOWN,UNKNOWN,UNKNOWN,https://gallo44.tistory.com/78,역사적 명칭의 개편·유지 여부 검증 필요
lm_37df03418cb74b69,기사,원 핸드 어택,VERIFIED,UNKNOWN,NONE,BLOCKED,아니오,UNKNOWN,UNKNOWN,UNKNOWN,UNKNOWN,UNKNOWN,UNKNOWN,https://m.inven.co.kr/board/lineagem/5019/587688,역사적 명칭의 개편·유지 여부 검증 필요
lm_2bb6b9fea65c9dee,기사,투 핸드 어택,VERIFIED,UNKNOWN,NONE,BLOCKED,아니오,UNKNOWN,UNKNOWN,UNKNOWN,UNKNOWN,UNKNOWN,UNKNOWN,https://m.inven.co.kr/board/lineagem/5019/587688,역사적 명칭의 개편·유지 여부 검증 필요
lm_a2fc0d3c975e6af6,다크엘프,쉐도우 대시(데스티니),VERIFIED,UNKNOWN,NONE,BLOCKED,아니오,UNKNOWN,UNKNOWN,UNKNOWN,UNKNOWN,UNKNOWN,UNKNOWN,https://m.inven.co.kr/board/lineagem/5019/587688,역사적 명칭의 개편·유지 여부 검증 필요
lm_72a2c55f5f71844b,다크엘프,쉐도우 슬로우,VERIFIED,UNKNOWN,NONE,BLOCKED,아니오,UNKNOWN,UNKNOWN,UNKNOWN,UNKNOWN,UNKNOWN,UNKNOWN,https://gallo44.tistory.com/78,역사적 명칭의 개편·유지 여부 검증 필요
lm_625ae743e4faf277,마검사,트리티니 (에이스),VERIFIED,UNKNOWN,NONE,BLOCKED,아니오,UNKNOWN,UNKNOWN,UNKNOWN,UNKNOWN,UNKNOWN,UNKNOWN,https://m.inven.co.kr/board/lineagem/5019/587688,역사적 명칭의 개편·유지 여부 검증 필요
lm_aa2d4ca661ce3deb,마법사,매스 이뮨 투 함,VERIFIED,UNKNOWN,NONE,BLOCKED,아니오,UNKNOWN,UNKNOWN,UNKNOWN,UNKNOWN,UNKNOWN,UNKNOWN,https://m.inven.co.kr/board/lineagem/5019/587688,역사적 명칭의 개편·유지 여부 검증 필요
lm_cbbf0762eda0a874,신성검사,디멘션 캔슬레이션,VERIFIED,UNKNOWN,NONE,BLOCKED,아니오,UNKNOWN,UNKNOWN,UNKNOWN,UNKNOWN,UNKNOWN,UNKNOWN,https://gallo44.tistory.com/78,역사적 명칭의 개편·유지 여부 검증 필요
lm_41261a49fa7ecc17,신성검사,스턴 디바인,VERIFIED,UNKNOWN,NONE,BLOCKED,아니오,UNKNOWN,UNKNOWN,UNKNOWN,UNKNOWN,UNKNOWN,UNKNOWN,https://gallo44.tistory.com/78,역사적 명칭의 개편·유지 여부 검증 필요
lm_07e3a57cfa627a27,암흑기사,다크 미티어,VERIFIED,UNKNOWN,NONE,BLOCKED,아니오,UNKNOWN,UNKNOWN,UNKNOWN,UNKNOWN,UNKNOWN,UNKNOWN,https://mysmallplace.tistory.com/10,역사적 명칭의 개편·유지 여부 검증 필요
lm_08b5542b4b43010d,요정,워터 라이프,VERIFIED,UNKNOWN,NONE,BLOCKED,아니오,UNKNOWN,UNKNOWN,UNKNOWN,UNKNOWN,UNKNOWN,UNKNOWN,https://gallo44.tistory.com/78,역사적 명칭의 개편·유지 여부 검증 필요
lm_bb72bb1d8a2a8d4d,총사,세팅 업,VERIFIED,UNKNOWN,CONNECTED,PARTIAL,아니오,일반,조건을 만족하면 능력치를 적용합니다.,30,UNKNOWN,UNKNOWN,CUSTOM_BALANCE,https://mysmallplace.tistory.com/21,원작 전 효과 및 VFX 비교 완료 전 PARTIAL
lm_5510394944bbaa3a,투사,드래곤 마스터리(페이탈),VERIFIED,UNKNOWN,NONE,BLOCKED,아니오,UNKNOWN,UNKNOWN,UNKNOWN,UNKNOWN,UNKNOWN,UNKNOWN,https://m.inven.co.kr/board/lineagem/5019/587688,역사적 명칭의 개편·유지 여부 검증 필요
lm_8984000b6dcd9938,투사,드래곤 스킨,VERIFIED,UNKNOWN,CONNECTED,PARTIAL,아니오,일반,조건을 만족하면 능력치를 적용합니다.,30,UNKNOWN,UNKNOWN,CUSTOM_BALANCE,https://mysmallplace.tistory.com/9,원작 전 효과 및 VFX 비교 완료 전 PARTIAL
lm_0f78dd70d9994d34,공용,에너지 볼트,VERIFIED,UNKNOWN,CONNECTED,PARTIAL,예,일반,대상에게 마법 탄환을 발사합니다.,1,UNKNOWN,UNKNOWN,CUSTOM_BALANCE,https://mysmallplace.tistory.com/2,원작 전 효과 및 VFX 비교 완료 전 PARTIAL
lm_d44e85981c877135,공용,라이트,VERIFIED,UNKNOWN,CONNECTED,PARTIAL,아니오,일반,시전자 주변을 밝히는 빛을 유지합니다.,1,UNKNOWN,UNKNOWN,CUSTOM_BALANCE,https://mysmallplace.tistory.com/2,원작 전 효과 및 VFX 비교 완료 전 PARTIAL
lm_ea8ce04ed942acae,공용,실드,VERIFIED,UNKNOWN,CONNECTED,PARTIAL,예,일반,방어 마법으로 AC를 낮춥니다.,1,UNKNOWN,UNKNOWN,CUSTOM_BALANCE,https://mysmallplace.tistory.com/2,원작 전 효과 및 VFX 비교 완료 전 PARTIAL
lm_09a971bf26507878,공용,텔레포트,VERIFIED,UNKNOWN,CONNECTED,PARTIAL,예,일반,이동 가능한 임의의 지점으로 순간이동합니다.,1,UNKNOWN,UNKNOWN,CUSTOM_BALANCE,https://mysmallplace.tistory.com/2,원작 전 효과 및 VFX 비교 완료 전 PARTIAL
lm_2b058c083f711c56,공용,큐어 포이즌,VERIFIED,UNKNOWN,CONNECTED,PARTIAL,아니오,일반,자신의 독 상태를 해제합니다.,10,UNKNOWN,UNKNOWN,CUSTOM_BALANCE,https://mysmallplace.tistory.com/7,원작 전 효과 및 VFX 비교 완료 전 PARTIAL
lm_1ec7e7edbce9ac29,공용,디크리즈 웨이트,VERIFIED,UNKNOWN,CONNECTED,PARTIAL,아니오,일반,소지할 수 있는 무게를 늘립니다.,10,UNKNOWN,UNKNOWN,CUSTOM_BALANCE,https://mysmallplace.tistory.com/7,원작 전 효과 및 VFX 비교 완료 전 PARTIAL
lm_f5a081bdcc706114,공용,어스 재일,VERIFIED,UNKNOWN,CONNECTED,PARTIAL,예,일반,대상에게 대지의 마법 피해를 입힙니다.,10,UNKNOWN,UNKNOWN,CUSTOM_BALANCE,https://mysmallplace.tistory.com/7,원작 전 효과 및 VFX 비교 완료 전 PARTIAL
lm_f4de23ba3ed83d50,마법사,힐,VERIFIED,UNKNOWN,CONNECTED,PARTIAL,예,일반,대상의 생명력을 회복합니다.,30,UNKNOWN,UNKNOWN,CUSTOM_BALANCE,https://mysmallplace.tistory.com/6,원작 전 효과 및 VFX 비교 완료 전 PARTIAL
lm_b39dbcf394503410,마법사,디스인트그레이트,VERIFIED,UNKNOWN,CONNECTED,PARTIAL,아니오,전설,거대한 마법 창을 떨어뜨립니다.,80,UNKNOWN,UNKNOWN,CUSTOM_BALANCE,https://mysmallplace.tistory.com/6,원작 전 효과 및 VFX 비교 완료 전 PARTIAL
lm_19a961b42a074ce1,마법사,디스인트그레이트(에이션트),VERIFIED,UNKNOWN,CONNECTED,PARTIAL,아니오,전설,하위 기술의 효과를 강화합니다.,80,UNKNOWN,디스인트그레이트,CUSTOM_BALANCE,https://mysmallplace.tistory.com/6,원작 전 효과 및 VFX 비교 완료 전 PARTIAL
lm_8be1b9f26137e4ce,암흑기사,다크 라이즈,VERIFIED,UNKNOWN,CONNECTED,PARTIAL,아니오,전설,상태에 관계없이 최대 HP에 비례해 회복합니다.,80,UNKNOWN,UNKNOWN,CUSTOM_BALANCE,https://mysmallplace.tistory.com/10,원작 전 효과 및 VFX 비교 완료 전 PARTIAL
lm_2b4215bf11462b6b,뇌신,템페스트,VERIFIED,UNKNOWN,NONE,PVP_EXCLUDED,아니오,UNKNOWN,UNKNOWN,UNKNOWN,UNKNOWN,UNKNOWN,UNKNOWN,https://lineagem.plaync.com/board/update/view?articleId=63052ab89d59e3180628d0e4,공식 2022-08-24 설명의 대상이 적 PC로 한정
